title,url,publish_date
你們也有這種趕時間的年夜飯嗎【一畫美食】#年夜飯做法 #一畫美食 #快速年夜飯 #簡單料理 #家庭聚餐,https://www.youtube.com/watch?v=f9IZo98Ev2o,2025-01-24T03:30:06Z
大蝦不要總是白灼了，教你做個蔥香蝦球，外酥里嫩，實在太香了【一畫美食】#蔥香蝦球 #蝦球 #蔥香蝦球料理 #蔥香蝦球食譜 #蔥香蝦球煮法,https://www.youtube.com/watch?v=vxgJ4hFnZ2U,2024-10-04T06:23:04Z
解鎖雞蛋豆腐新吃法，鮮香滑嫩，營養美味，太香了。【一畫美食】#水蒸蛋#雞蛋豆腐 #雞蛋 #豆腐 #雞蛋豆腐料理,https://www.youtube.com/watch?v=ixgiLajFIxs,2024-09-24T02:45:26Z
雞胸肉這樣做太香了，外酥里嫩嘎嘣脆，費酒又費飯#美食教程【一畫美食】#雞胸肉 #雞肉 #雞胸肉料理 #雞胸肉食譜 #雞胸肉做法,https://www.youtube.com/watch?v=9lh5htiVrtM,2024-09-12T11:00:08Z
麵條不要總煮著吃了，自從學會這個做法，從此老婆都不去外面吃了【一畫美食】#麵條 #麵條料理 #麵條食譜 #麵條做法 #麵條煮法,https://www.youtube.com/watch?v=vAEaH8_h_x4,2024-09-09T11:00:07Z
自從學會這個西紅柿雞蛋湯，做一輩子廚師的老丈人都對我刮目相看【一畫美食】#西紅柿雞蛋湯 #西紅柿 #雞蛋湯  #雞蛋 #西紅柿雞蛋湯食譜,https://www.youtube.com/watch?v=u11S4-esD2U,2024-09-06T10:30:07Z
把雞蛋淋入洋蔥裡面，出鍋瞬間變美食，外酥里糯，營養豐富太香了【一畫美食】#雞蛋 #雞蛋做法 #雞蛋料理 #洋蔥 #洋蔥料理,https://www.youtube.com/watch?v=7oTiOV_fdN8,2024-09-02T11:00:07Z
秋天要多吃豆角，教你一個神仙吃法，不炒不涼拌，全家人都喜歡吃【一畫美食】#豆角 #豆角料理 #豆角食譜 #豆角做法 #豆角煮法,https://www.youtube.com/watch?v=JAc2_xc7nFU,2024-08-14T10:00:06Z
西蘭花和雞蛋這樣做才好吃，清脆爽口，營養不流失，趕緊試試吧【一畫美食】#西蘭花 #雞蛋做法 #雞蛋 #西蘭花料理 #西蘭花食譜,https://www.youtube.com/watch?v=sssqR6L7hQY,2024-07-18T11:00:07Z
天氣熱教你涼拌花生米的做法，比油炸的更健康，清脆爽口真解饞。【一畫美食】#涼拌花生米 #涼拌花生 #花生米 #涼拌花生米料理 #涼拌花生米食譜,https://www.youtube.com/watch?v=cWX3hOaxp_4,2024-07-11T11:00:07Z
把一整塊豆腐放鍋里煎一煎，出鍋就是美味的家常菜，實在太香了【一畫美食】#豆腐 #豆腐做法 #豆腐煮法 #豆腐料理 #豆腐食譜,https://www.youtube.com/watch?v=FbDU0GGxuWM,2024-07-03T11:00:06Z
鮮蝦頭千萬別扔掉了，拿來做個三鮮湯，鮮到天靈蓋，好喝得哭了【一畫美食】#鮮蝦頭 #鮮蝦頭料理 #鮮蝦頭食譜 #鮮蝦頭做法 #鮮蝦頭煮法,https://www.youtube.com/watch?v=KNaUN6d6HU0,2024-07-01T02:50:05Z
排骨不要只知道燉湯了，教你青椒排骨的家常做法，一鍋成菜太香了【一畫美食】#排骨 #排骨的做法 #青椒排骨 #青椒排骨料理 #青椒排骨做法,https://www.youtube.com/watch?v=yrXG99MWCI0,2024-06-27T11:00:07Z
秋葵有人焯水有水直接下鍋炒，難怪不好吃，今天教你正確做法【一畫美食】#秋葵 #秋葵料理 #秋葵食譜 #秋葵做法 #秋葵煮法,https://www.youtube.com/watch?v=U2q1XxhoviM,2024-06-26T11:00:07Z
把啤酒倒入豬肝裡面，真是太厲害了，酒店大廚的秘方，鮮香滑嫩。【一畫美食】#豬肝 #啤酒豬肝  #啤酒豬肝料理 #啤酒豬肝食譜 #啤酒豬肝食品,https://www.youtube.com/watch?v=zunHj_PfOwM,2024-06-22T11:00:07Z
幾個月沒回家，不知道老爸都種了西瓜，太甜了,https://www.youtube.com/watch?v=20r73mZxDLY,2024-06-21T15:33:07Z
夏天要多吃絲瓜，教你簡單又好吃的家常做法，顏色翠綠不發黑【一畫美食】#絲瓜 #絲瓜料理 #絲瓜食譜 #絲瓜煮法 #絲瓜做法,https://www.youtube.com/watch?v=BhyIH0BwPp4,2024-06-06T11:00:07Z
炒瘦肉嫩如豆腐的訣竅，只需掌握這幾步，在家也能做出飯店的特色【一畫美食】#瘦肉 #炒瘦肉嫩 #豆腐 #瘦肉料理 #瘦肉煮法,https://www.youtube.com/watch?v=Y8645XwkCxA,2024-06-05T11:00:08Z
毛豆里打入3個雞蛋，沒想到這麼好吃，我家一周吃6次，營養又美味【一畫美食】#毛豆 #毛豆食譜 #毛豆做法 #毛豆煮法 #毛豆料理,https://www.youtube.com/watch?v=tGF2EMGXni0,2024-06-04T11:00:07Z
蓮藕這做法真好吃，不發麵不擀皮，方法簡單，外酥里嫩比油條還香【一畫美食】#蓮藕 #蓮藕料理 #蓮藕食譜 #蓮藕做法 #蓮藕煮法,https://www.youtube.com/watch?v=bH46GnU8OPM,2024-06-03T11:00:07Z
夏天要多吃冬瓜，教你冬瓜三鮮湯的家常做法，湯色濃白，湯鮮味美【一畫美食】#冬瓜 #冬瓜食譜 #冬瓜料理 #冬瓜做法 #冬瓜煮法,https://www.youtube.com/watch?v=VUB0sYydgZI,2024-06-02T11:00:20Z
教你乾烙粉絲的家常做法，乾香入味，勁道Q彈，天天吃都不膩【一畫美食】#粉絲 #乾烙粉絲 #乾烙粉絲食譜 #乾烙粉絲料理 #乾烙粉絲煮法,https://www.youtube.com/watch?v=8dsyVlqxIqA,2024-05-23T11:00:07Z
萬萬沒想到，把麵條放在鍋里蒸一蒸，出鍋瞬間變美食，實在太香了【一畫美食】#麵條 #麵條料理 #麵條做法 #麵條煮法 #麵條食譜,https://www.youtube.com/watch?v=cxkrTWTQuqE,2024-05-20T11:00:07Z
我是做夢也沒想到，把黃豆放鍋里蒸一蒸，出鍋瞬間變美食，太香了【一畫美食】#黃豆 #黃豆做法 #黃豆煮法 #黃豆料理 #黃豆食譜,https://www.youtube.com/watch?v=XoAXuMawCkg,2024-05-17T11:00:07Z
為什麼廣東人做的菜心那麼好吃呢？原來也有小技巧，鮮嫩爽口真香【一畫美食】#菜心 #菜心料理 #菜心食譜 #菜心做法 #菜心煮法,https://www.youtube.com/watch?v=nK8oQHdWKkw,2024-05-16T11:00:07Z
青椒肉絲到底是先炒青椒還是肉絲，教你正確做法，鮮嫩入味好下飯【一畫美食】#肉絲 #青椒 #青椒肉絲 #青椒肉絲食譜 #青椒肉絲煮法,https://www.youtube.com/watch?v=b0QC6fbSrwA,2024-05-11T04:00:06Z
涼拌萵筍絲像我這樣做，兩分鐘就搞定，做法簡單，比大魚大肉好吃【一畫美食】#萵筍 #萵筍料理 #萵筍絲 #涼拌萵筍絲 #涼拌萵筍絲料理,https://www.youtube.com/watch?v=JNBmAj_YBc8,2024-04-26T01:00:07Z
2塊錢成本，教你做28的澆汁豆腐，外酥里嫩，鮮香美味，真好吃【一畫美食】#澆汁豆腐 #豆腐 #豆腐做法 #豆腐煮法  #澆汁豆腐料理,https://www.youtube.com/watch?v=IDGznl2lk2I,2024-04-24T03:19:43Z
五花肉最好吃的做法！好吃又下飯！#五花肉做法 #家常菜 #cooking #美食教程,https://www.youtube.com/watch?v=0qHLgfdGHHE,2024-04-22T07:43:49Z
大廚教你醬香荷包蛋的家常做法，步驟詳細，鮮嫩多汁，下酒又下飯【一畫美食】#荷包蛋 #荷包蛋料理 #荷包蛋做法 #荷包蛋煮法 #荷包蛋食譜,https://www.youtube.com/watch?v=Jdq29eZ3zTg,2024-04-15T03:37:53Z
这才是红烧排骨的正宗做法，色泽红亮，软烂脱骨，还没看完就饿了【一畫美食】#排骨的做法 #紅燒肉做法 #排骨飯 #排骨煮法 #排骨做法,https://www.youtube.com/watch?v=ywJBO9bJIc8,2024-04-12T02:17:54Z
萬萬沒想到，把啤酒倒進雞蛋里，出鍋瞬間變美食，外酥里嫩太香了【一畫美食】#雞蛋 #雞蛋做法 #雞蛋料理 #雞蛋餅 #雞蛋食譜,https://www.youtube.com/watch?v=vmpyxLHxI5g,2024-04-10T02:48:34Z
難怪酒店的紅燒肉那麼好吃，原來也有技巧，學會給家人露一手。【一畫美食】#紅燒肉 #紅燒肉做法 #紅燒肉食譜 #紅燒肉料理 #紅燒肉做法,https://www.youtube.com/watch?v=gsImUdoIgHc,2024-04-09T04:00:07Z
簡單到有手就學得會的油潑面，酸辣爽口，大口吃面真的太過癮了。【一畫美食】#油潑面#油潑面食譜 #油潑面料理 #油潑面做法 #油潑面煮法,https://www.youtube.com/watch?v=yDR4R4faYLE,2024-04-05T04:00:06Z
春天要多吃西蘭花，分享一道神仙吃法，不炒不燉不油炸，鮮嫩清香【一畫美食】#西蘭花 #西蘭花料理 #西蘭花食譜 #西蘭花做法 #西蘭花煮法,https://www.youtube.com/watch?v=8eH4jyP30-s,2024-03-28T01:00:07Z
做辣椒油，切記不要直接潑熱油，多加兩步，又辣又香，拌啥都好吃【一畫美食】#辣椒油 #辣椒油料理 #辣椒油食譜 #辣椒油做法 #辣椒油煮法,https://www.youtube.com/watch?v=FVS5mJ76w9Q,2024-03-23T01:00:12Z
家常紅燒豆腐好吃的做法，比麻婆豆腐還過癮，鮮香滑嫩，家人愛吃【一畫美食】#紅燒豆腐 #紅燒豆腐料理 #紅燒豆腐食譜 #紅燒豆腐煮法 #紅燒豆腐做法,https://www.youtube.com/watch?v=yUBOwRhiDy8,2024-03-22T01:00:07Z
很多人生炒豬肚總是嚼不動，教你一訣竅，豬肚鮮嫩脆爽，香辣下飯【一畫美食】#豬肚 #豬肚料理 #豬肚做法 #豬肚煮法 #豬肚食譜,https://www.youtube.com/watch?v=FxTQMOHhMVY,2024-03-21T01:00:07Z
香辣土豆你就像我這樣做，一周吃7次都不膩，乾香入味，超下飯。【一畫美食】#土豆 #土豆的做法 #土豆片 #土豆泥 #土豆食譜,https://www.youtube.com/watch?v=WngwmXEVx-A,2024-03-15T01:00:07Z
這道菜真是江西和湖南下飯菜的天花板了吧，農家一碗香，開胃下飯【一畫美食】#瘦肉 #瘦肉料理 #瘦肉煮法 #瘦肉做法 #肥肉的做法,https://www.youtube.com/watch?v=yY-0FWosXI0,2024-03-12T03:19:27Z
不管炸什麼魚，只放麵粉或澱粉都不對，教你一招，外酥里嫩無腥味【一畫美食】#炸魚 ##炸魚料理 ##炸魚食譜 ##炸魚做法 ##炸魚煮法,https://www.youtube.com/watch?v=BJD8zR-LLbs,2024-03-06T01:00:07Z
紅燒肉看似簡單，其實也有技巧，教你好吃的家常做法，香而不膩。【一畫美食】#紅燒肉 #紅燒肉料理 #紅燒肉食譜 #紅燒肉煮法 #紅燒肉做法,https://www.youtube.com/watch?v=BQqWE7ry5Vc,2024-03-05T01:00:10Z
炸紅薯丸子是用澱粉還是麵粉，教你一招，丸子外酥里糯，太香了。【一畫美食】#炸紅薯丸子 #炸紅薯丸子料理 #炸紅薯丸子食譜 #炸紅薯丸子煮法 #炸紅薯丸子做法,https://www.youtube.com/watch?v=9yQfZOVIalk,2024-02-20T10:00:10Z
香蕉買回家不要直接吃了，教你脆皮香蕉的做法，外酥里嫩，太香了【一畫美食】#炸香蕉 #炸香蕉料理 #炸香蕉食譜 #炸香蕉煮法 #炸香蕉做法,https://www.youtube.com/watch?v=x8cTDQ71LJA,2024-02-16T04:12:22Z
把豆腐放在醬油水里泡一泡，出鍋實在太香了，鮮嫩入味，超下飯。【一畫美食】#豆腐 #豆腐做法 #豆腐食譜 #豆腐的做法 #豆腐煮法,https://www.youtube.com/watch?v=6zxJv7JeY5s,2024-01-30T00:15:08Z
西蘭花這樣做簡單又好吃，顏色翠綠清脆爽口，孩子三天兩頭點名吃【一畫美食】#西蘭花 #西蘭花食譜 #西蘭花料理 #中國美食 #broccoli,https://www.youtube.com/watch?v=gX9-4Ii0pPo,2024-01-23T05:52:22Z
蔥油雞腿最簡單的家常做法，幾分鐘就學會，蔥香濃郁，鮮嫩多汁。【一畫美食】#蔥油雞腿 #蔥油雞腿的做法 #蔥油雞腿料理 #蔥油雞腿食譜 #蔥油雞腿煮法,https://www.youtube.com/watch?v=oTu8CfcqHP4,2024-01-22T06:29:42Z
天氣冷，給家人做一鍋熱乎乎的白菜豆腐煲吧。味道鮮美，好吃下飯【一畫美食】#白菜豆腐煲 #白菜豆腐煲料理 #白菜豆腐煲煮法 #白菜豆腐煲食譜 #白菜豆腐煲的做法,https://www.youtube.com/watch?v=J5xhAd2s1Ws,2024-01-19T08:51:32Z
香菇和五花肉這樣做，鮮香滑嫩，香辣開胃，好吃又下飯。【一畫美食】#香菇 #香菇料理 #五花肉 #五花肉食譜 #五花肉料理,https://www.youtube.com/watch?v=ZGDdopWZd9c,2024-01-18T06:38:41Z
沒有胃口，江西的水煮蛋都是放辣椒的，鮮嫩爽滑，幾分鐘就做好。【一畫美食】#水煮蛋 #水煮蛋食譜 #水煮蛋料理 #水煮蛋的做法 #水煮蛋煮法,https://www.youtube.com/watch?v=KfwAP5BhHlM,2024-01-17T06:00:25Z
廣東生炒菜心為啥好吃？原來也有技巧，不過油不焯水，上桌搶著吃【一畫美食】#廣東生炒菜心 #廣東生炒菜心料理 #廣東生炒菜心食譜 #廣東生炒菜心的做法 #廣東生炒菜心煮法,https://www.youtube.com/watch?v=hCrW4fdHXJ0,2024-01-15T08:02:10Z
今天才知道，炒花生米不能先放油，教你一招，出鍋又香又脆不返潮【一畫美食】#炒花生米 #炒花生米料理 #炒花生米食譜 #炒花生米的做法 #炒花生米煮法,https://www.youtube.com/watch?v=bka28aXecBg,2024-01-11T09:31:13Z
打荷包蛋，只需多加這一步，煮出來的荷包蛋既不起沫，也不散黃。【一畫美食】#荷包蛋 #荷包蛋料理 #荷包蛋食譜 #荷包蛋的做法 #荷包蛋煮法,https://www.youtube.com/watch?v=GZsfy_PHVU8,2024-01-10T05:36:02Z
把雞蛋倒入木耳里，出鍋瞬間變美食，很多人都沒這樣做過，太香了【一畫美食】#雞蛋木耳 #雞蛋木耳食譜 #雞蛋木耳料理 #雞蛋木耳的做法 #雞蛋木耳煮法,https://www.youtube.com/watch?v=La3OuoPJeJA,2023-12-26T05:45:10Z
這才是豆腐最簡單的家常做法，比麻婆豆腐還過癮，每天吃都不膩 【一畫美食】#豆腐 #豆腐做法 #豆腐食譜 #豆腐料理 #中國美食,https://www.youtube.com/watch?v=tCvHXdYwRM4,2023-12-22T01:00:10Z
炸魚塊到底是放麵粉還是澱粉，教你飯店大廚做法，外酥里嫩太香了 【一畫美食】#炸魚塊 #炸魚塊食譜 #炸魚塊的做法 #炸魚塊料理 #中國美食,https://www.youtube.com/watch?v=ZGYLDnntOF0,2023-12-18T03:30:06Z
把紅薯放鍋里蒸一蒸，出鍋瞬間變美食，很多人都沒這樣吃過，真香【一畫美食】#紅薯 #紅薯料理 #紅薯的做法 #紅薯食譜 #中國美食,https://www.youtube.com/watch?v=JsgDH8R2lr4,2023-12-14T01:00:08Z
不管炒什麼肉都不要直接下鍋炒，教你一招，滑嫩入味，不腥也不柴【一畫美食】#炒肉 #炒肉的做法 #炒肉料理 #炒肉食譜 #炒肉方法,https://www.youtube.com/watch?v=H-jj-d7Jd34,2023-12-10T02:45:11Z
把啤酒倒進砂鍋里，出鍋就是一道好吃的美食，鮮嫩多汁無腥味。【一畫美食】#花甲 #花甲食譜 #花甲料理 #花甲的煮法 #花甲煮法,https://www.youtube.com/watch?v=O-jMqFvYkQU,2023-12-05T01:00:11Z
為什麼有人煲的排骨湯總是清湯寡水呢？教你一招，湯色濃白無腥味 【一畫美食】#排骨湯 #排骨湯料理 #排骨湯食譜 #排骨湯的做法 #排骨湯煮法,https://www.youtube.com/watch?v=E-2EL3_EKz0,2023-12-02T01:00:09Z
炒上海青切記不要焯水和過油，教你家常做法，鮮嫩脆爽，好吃下飯【一畫美食】#上海青 #炒上海青· #上海青食譜· #上海青料理 #上海青的做法,https://www.youtube.com/watch?v=1kFNSLpK9eo,2023-11-29T01:00:10Z
白蘿蔔加一塊豆腐，教你新做法，冬天家人常吃的美食，實在太香了 【一畫美食】#白蘿蔔加豆腐 #豆腐 #豆腐食譜 #豆腐做法,https://www.youtube.com/watch?v=8rAlkz45owM,2023-11-26T00:00:12Z
萬萬沒想到，雞胸肉這樣做太香了，孩子們隔三差五點名要吃，解饞 【一畫美食】#雞胸肉食譜 #雞胸肉 #雞胸肉料理 #雞胸肉的做法 #chickenbreast,https://www.youtube.com/watch?v=oDOsM3pXiRo,2023-11-25T01:00:07Z
冬天要多吃蔬菜，教你油麥菜最好吃的家常做法，鮮嫩脆爽真下飯 【一畫美食】#油麥菜 #油麥菜料理 #油麥菜食譜 #油麥菜的做法 #lettuce,https://www.youtube.com/watch?v=2UN302C-cJQ,2023-11-24T01:00:06Z
把雞蛋倒入五花肉里，出鍋瞬間變美食，做法絕了，真是高手在民間【一畫美食】#五花肉 #雞蛋五花肉的做法 #五花肉食譜 #五花肉雞蛋 #porkbelly,https://www.youtube.com/watch?v=karnTYvQHc8,2023-11-23T01:00:10Z
酒店行政總廚分享手撕包菜的做法，這烹飪技術，看完後不服都不行 【一畫美食】#包菜 #包菜料理 #包菜食譜 #包菜的做法 #手撕包菜,https://www.youtube.com/watch?v=4hgYOOI4ets,2023-11-22T01:00:10Z
為什麼飯店裡的香辣牛蛙那麼好吃，原來做法這麼簡單，下酒又下飯 【一畫美食】#香辣牛蛙 #牛蛙食譜 #牛蛙 #牛蛙料理 #香辣牛蛙的做法,https://www.youtube.com/watch?v=2BYOVIYmDaY,2023-11-18T15:15:12Z
把雞蛋倒入冬瓜裡面，出鍋就是一道好吃的美食，鮮香入味超下飯。 【一畫美食】#雞蛋冬瓜 #雞蛋 #冬瓜 #雞蛋冬瓜食譜 #friedegg,https://www.youtube.com/watch?v=B27CxOjKCQU,2023-11-17T03:00:07Z
冬吃蘿蔔夏吃姜，教你蘿蔔最好吃的家常做法，清脆爽口，超下飯。 【一畫美食】#蘿蔔 #白蘿蔔 #白蘿蔔食譜 #白蘿蔔料理 #raddish,https://www.youtube.com/watch?v=9FNm1dedVx8,2023-11-16T03:00:11Z
冬天要多吃白菜，教你不一樣的吃法，不炒不燉，酸辣脆爽，真解膩 【一畫美食】#白菜 #白菜食譜 #白菜料理 #白菜煮法 #chinesecabbage,https://www.youtube.com/watch?v=aN_CQi2yoyI,2023-11-14T03:30:09Z
天冷要多吃南瓜，教你一個新做法，軟糯香甜，營養美味，真解饞。 【一畫美食】#南瓜 #南瓜饼 #南瓜料理 #南瓜食譜 #pumpkin,https://www.youtube.com/watch?v=KEYt91MUotA,2023-11-11T07:30:11Z
冬天要多吃冬瓜，教你一個新吃法，不炒也不燉，營養美味，太香了 【一畫美食】#冬瓜 #冬瓜做法 #冬瓜食譜 #冬瓜料理 #wintermelon,https://www.youtube.com/watch?v=s91sxKjNbVA,2023-11-07T03:00:08Z
秋天要多喝蘿蔔排骨湯，教你詳細做法，湯色濃白，不腥不柴超好喝 【一畫美食】#排骨湯 #排骨的做法 #排骨 #蘿蔔 #蘿蔔食譜,https://www.youtube.com/watch?v=geVZlcJIgWc,2023-11-05T00:00:08Z
肉片怎樣做才能像入口即化，像豆腐一樣嫩呢？把詳細方法分享給你 【一畫美食】#肉片 #肉片料理 #肉片食譜 #meatslice,https://www.youtube.com/watch?v=ys3x5kNiRo8,2023-11-01T02:30:11Z
秋天要多吃魚，教你一個懶人做法，不煮不炸，上桌全家都喜歡吃。 【一畫美食】#鲈鱼 #鲈鱼料理 #鲈鱼食譜 #鲈鱼的煮法 #seabass,https://www.youtube.com/watch?v=OvzN3ax8bOQ,2023-10-30T04:00:15Z
為什麼有人做的豆腐吃不入味也不香呢？教你一招，嫩滑鮮香又入味 【一畫美食】#豆腐 #豆腐パスタ #豆腐料理 #tofurecipe #tofu,https://www.youtube.com/watch?v=dhZbhoYZyoU,2023-10-28T11:00:10Z
秋天要多吃蘿蔔雞蛋湯，湯汁鮮美，清淡營養，經常喝也不會長胖。 【一畫美食】#蘿蔔雞蛋湯 #雞蛋湯 #eggsoup,https://www.youtube.com/watch?v=ZnWRp9y_mUk,2023-10-25T03:00:11Z
这才是糖醋里脊简单又好吃的做法，外酥里嫩，酸甜适口，真解馋。 【一畫美食】#糖醋里脊 #里脊做法 #tenderloin,https://www.youtube.com/watch?v=CiWrMlbW94A,2023-10-23T10:30:10Z
白菜這樣做實在太好吃了，鮮嫩爽口，營養美味，天天吃都不膩【一畫美食】#白菜 #白菜レシピ #白菜食譜,https://www.youtube.com/watch?v=0qiBnND8Xuo,2023-10-22T06:00:09Z
為什麼飯店裡的醃蘿蔔那麼好吃，教你秘制的做法，比飯店裡的好吃【一畫美食】#醃蘿蔔 #蘿蔔 #radish,https://www.youtube.com/watch?v=mTy9XBK0Q38,2023-10-21T06:00:11Z
牛肉直接放醬油里泡一天，味道比鹿肉還香，醬香濃郁吃著真過癮 【一畫美食】#牛肉 #牛肉食譜 #beef,https://www.youtube.com/watch?v=5KjfersMFYM,2023-10-17T03:00:07Z
一根蘿蔔一塊豆腐，教你神仙吃法，我家三天兩頭點名要吃，太香了 【一畫美食】#蘿蔔食譜 #蘿蔔豆腐 #raddish,https://www.youtube.com/watch?v=W-Oc2k6njsA,2023-10-16T05:00:09Z
秋天要多喝湯，教你一道冬瓜肉丸湯，湯色清澈，營養豐富真鮮美。 【一畫美食】#冬瓜肉丸湯 #冬瓜  #tomatosoup #wintermelon,https://www.youtube.com/watch?v=dnLtLCMZGDo,2023-10-13T08:00:12Z
這才是腐竹最好吃的家常做法，簡單易學，鮮香入味，下酒又下飯。 【一畫美食】#腐竹 #腐竹食譜 #yoba,https://www.youtube.com/watch?v=Eh894fa4aS0,2023-10-10T04:00:09Z
土豆不要總是炒絲了，教你一道酸辣土豆丁，做法簡單，酸辣開胃 【一畫美食】#土豆 #土豆食譜 #potatoes,https://www.youtube.com/watch?v=ZjiHGm9FW6c,2023-10-09T08:00:07Z
往香蕉里打入兩個雞蛋，沒想到這麼好吃，我家孩子三天兩頭點名吃【一畫美食】#香蕉 #香蕉雞蛋  #雞蛋香蕉,https://www.youtube.com/watch?v=BTuC6tCJx1U,2023-10-07T05:13:35Z
西紅柿雞蛋湯，切記西紅柿直接下鍋煮，教你一招，蛋花漂亮超美味【一畫美食】#西紅柿雞蛋湯 #西紅柿 #tomatosoup,https://www.youtube.com/watch?v=opZOAVY6V9M,2023-10-06T03:00:09Z
五花肉最好吃的新吃法，不炒不炸不紅燒，出鍋入口即化，不油膩。 【一畫美食】#五花肉 #五花肉食譜 #porkbelly,https://www.youtube.com/watch?v=_w-Zxdi0rHc,2023-10-05T03:00:08Z
番茄丸子湯裡面的圓子怎麼弄才肉質鮮嫩，營養多汁呢，今天教會你 【一畫美食】#番茄丸子湯 #番茄湯 #tomatosoup,https://www.youtube.com/watch?v=GgcKvGUAnfM,2023-10-03T03:00:10Z
山藥不要煲湯或炒著吃了，教你一個新吃法，軟糯香甜，營養又美味【一畫美食】#山藥 #山藥食譜  #yam #yamrecipe,https://www.youtube.com/watch?v=SrG4Lt90OIg,2023-10-02T01:30:10Z
燉雞肉時，切記不要焯水，教你一招，雞肉鮮嫩多汁，不腥不柴【一畫美食】#燉雞肉 #雞肉做法,https://www.youtube.com/watch?v=K_jeo4V5FDg,2023-10-01T08:28:38Z
牛肉怎麼做才能鮮嫩不柴呢？教你一招，牛肉鮮嫩爽滑，下酒又下飯【一畫美食】#牛肉 #牛肉做法 #牛肉食譜,https://www.youtube.com/watch?v=Ofrk5aiv_-0,2023-09-28T06:06:34Z
為什麼飯店裡西紅柿滑肉那麼好吃呢？教你一招，肉片酸爽滑嫩鮮香 【一畫美食】#西紅柿滑肉 #西紅柿湯 #tomatosoup,https://www.youtube.com/watch?v=-mbGLgB0oH4,2023-09-27T03:00:12Z
萬萬沒想到，茄子和豆腐搭配竟然這麼好吃，滑嫩鮮香，下酒又下飯【一畫美食】#茄子 #豆腐 #豆腐做法 #茄子食譜,https://www.youtube.com/watch?v=CHvAe7gUw9s,2023-09-23T08:00:11Z
炒苦瓜時直接下鍋炒就錯了，教你飯店不外傳的技巧，清爽又營養。 【一畫美食】#炒苦瓜 #苦瓜料理 #bitterguardrecipe,https://www.youtube.com/watch?v=ZNtn-qKX0_g,2023-09-20T03:00:12Z
做紅燒魚塊時，千萬不要加鹽去醃制，教你一招，魚塊鮮嫩無腥味 【一畫美食】#紅燒魚料理 #草魚紅燒 #braisedfishdish,https://www.youtube.com/watch?v=-T8MhqPVI6U,2023-09-15T04:00:08Z
把茄子放鍋里蒸一蒸，出鍋實在太香了，很多人沒這樣吃過，真解饞【一畫美食】#茄子釀豬肉 #豬肉茄子做法 #eggplantstuffedwithpork,https://www.youtube.com/watch?v=gWPvFwguC_I,2023-09-13T05:00:08Z
蝦仁蒸蛋到底用冷水還是熱水，教你正確做法，鮮嫩爽滑，營養美味【一畫美食】#蝦仁蒸蛋 #蝦仁 #蒸蛋,https://www.youtube.com/watch?v=z80MpJADVDs,2023-09-09T02:30:10Z
蔬菜沙拉最簡單的家常做法，可以搭配自己喜歡的蔬菜，脆爽又解膩 【一畫美食】#蔬菜沙拉 #脆口沙拉 #howtomakesalad,https://www.youtube.com/watch?v=H-KxsPGyUB4,2023-09-07T11:00:08Z
把茄子放在鍋里蒸一蒸，出鍋就是一道好吃的美食，鮮香入味真解饞【一畫美食】#茄子 #茄子做法,https://www.youtube.com/watch?v=0TkwHb6yxzc,2023-09-01T02:00:10Z
肉末香煎豆腐的家常做法，地地道道的家鄉味，鮮香入味超下飯【一畫美食】#肉末香煎豆腐 #肉末 #香煎豆腐,https://www.youtube.com/watch?v=n7V_jFMSdlw,2023-08-31T01:30:10Z
水煮肉片最簡單的家常做法，麻辣鮮香，嫩滑爽口，下酒又下飯【一畫美食】#水煮肉片 #水煮 #肉片,https://www.youtube.com/watch?v=s_ZTor0-Agw,2023-08-30T02:00:12Z
把五花肉放在鍋里蒸一蒸，出鍋就是一道經典美食，軟糯鮮香不肥膩【一畫美食】#五花肉 #五花肉做法,https://www.youtube.com/watch?v=cIcjEtvTSdM,2023-08-22T02:36:47Z
我是萬萬沒想到，把冬瓜放鍋里蒸一蒸，出鍋就是一道好吃的美食【一畫美食】#冬瓜 #冬瓜食譜 #WinterSquash #Recipes,https://www.youtube.com/watch?v=H8PCNWUDT6w,2023-08-21T02:18:00Z
"涼拌黃瓜簡單又好吃的做法,清脆爽口,酸辣開胃,下酒下飯都不錯【一畫美食】#涼拌黃瓜 #涼拌 #黃瓜",https://www.youtube.com/watch?v=OdcBQM-SYBY,2023-08-20T02:00:11Z
萬萬沒想到，把杏鮑菇放入鍋里蒸一蒸，出鍋實在太好吃了，真下飯【一畫美食】#杏鮑菇 #杏鮑菇做法,https://www.youtube.com/watch?v=qc9RNvKpzmY,2023-08-15T03:11:26Z
吃了30多年的冬瓜，頭一次見這種做法，真是高手在民間，漲見識【一畫美食】#冬瓜 #冬瓜做法 #wintermelon,https://www.youtube.com/watch?v=EwBAVBdknWU,2023-08-14T10:16:29Z
這才是西葫蘆簡單好吃的做法，清脆入味不出水，香辣開胃超下飯【一畫美食】#西葫蘆 #西葫蘆做法,https://www.youtube.com/watch?v=N2kvARVgQas,2023-08-12T04:12:13Z
Pumpkin Recipe 夏天要多吃南瓜，教你一個新做法，不煮湯不油炸，軟糯香甜真好吃【一畫美食】#南瓜 #南瓜做法 #pumpkin,https://www.youtube.com/watch?v=a1RU-fF1c0U,2023-08-07T08:54:49Z
酒店裡的扣肉那麼好吃，原來技巧那麼簡單，軟爛鮮香真解饞【一畫美食】#扣肉 #扣肉做法,https://www.youtube.com/watch?v=VMLuZlKcD8k,2023-07-25T02:00:11Z
清炒冬瓜很多人都做錯了，教你一招，冬瓜清淡美味，滑嫩爽口好吃【一畫美食 】#清炒冬瓜 #冬瓜,https://www.youtube.com/watch?v=vV8v2VKWlvQ,2023-07-21T11:32:57Z
夏天要多吃蓮藕，教你一道好吃的涼拌藕片，鮮嫩脆爽，酸辣開胃【一畫美食】#蓮藕 #涼拌藕片,https://www.youtube.com/watch?v=HfC2UgLlaL0,2023-07-19T05:58:13Z
這樣做的小腸，比豬大腸還好吃，軟爛鮮香無腥味，既好下酒又下飯【一畫美食】#小腸 #小腸做法 #小腸食譜,https://www.youtube.com/watch?v=twSfbfQdrMc,2023-07-16T12:27:55Z
Okra Receipt 夏天要多吃秋葵，教你不一樣的新吃法，滑嫩鮮香，出鍋都搶著吃【一畫美食】#秋葵 #秋葵食譜 #秋葵料理 #家常菜 #Okra #okrarecipe,https://www.youtube.com/watch?v=uVXvnPVXn04,2023-07-15T05:20:17Z
牛肉怎麼做都好吃，教你醃制的方法，牛肉鮮嫩順滑，像豆腐一樣嫩【一畫美食】#牛肉 #醃制牛肉 #牛肉食譜,https://www.youtube.com/watch?v=CBvR-JykdT8,2023-07-14T02:00:09Z
萬萬沒想到，把雞蛋倒入豆角中，出鍋就是一道好吃的美食，真解饞【一畫美食】#雞蛋 #豆角,https://www.youtube.com/watch?v=CrT-iNxe4bo,2023-07-12T04:55:03Z
為什麼您煮的湯總是清湯寡水不好喝呢？教你一招，湯鮮味美又營養【一畫美食】#湯,https://www.youtube.com/watch?v=gLammupHmqA,2023-07-09T02:00:10Z
為什麼廣東人做的蝦仁滑蛋那麼好吃？做法卻如此簡單，鮮香滑嫩【一畫美食】#蝦仁滑蛋 #蝦仁 #滑蛋,https://www.youtube.com/watch?v=MlqV8As1_F8,2023-07-08T02:00:11Z
炸帶魚到底是用麵粉還是澱粉？教你正確做法，外酥里嫩，太香了【一畫美食】#帶魚 #炸帶魚,https://www.youtube.com/watch?v=csx0MKtyH7Q,2023-07-07T01:00:09Z
紫甘藍學會這樣做，飯店一盤賣38，在家成本不過5元，酸辣脆爽【一畫美食】#紫甘藍 #紫甘藍做法,https://www.youtube.com/watch?v=qDQFA50aooI,2023-07-03T06:54:46Z
大廚教你黃瓜炒蝦仁最家常的做法，脆爽可口，營養美味太香了【一畫美食】#黃瓜炒蝦仁 #黃瓜 #蝦仁,https://www.youtube.com/watch?v=tAvN5V9luu8,2023-07-01T08:44:45Z
夏天沒胃口，學會這道涼拌豆皮，做法簡單，清涼解暑，好吃又開胃【一畫美食】#涼拌豆皮 #涼拌 #豆皮,https://www.youtube.com/watch?v=JXFd965DfjM,2023-06-30T02:00:11Z
放暑假了，給家人做一道簡單又好吃的鹵肉飯，軟爛鮮香，營養美味【一畫美食】#鹵肉 #鹵肉飯,https://www.youtube.com/watch?v=h6bjtrzDECE,2023-06-29T01:00:09Z
清蒸鱸魚看似簡單，也有小技巧，大廚教你做法，魚肉鮮嫩不腥不柴【一畫美食】#清蒸鱸魚 #清蒸魚 #鱸魚做法,https://www.youtube.com/watch?v=uQFdJb_oBMI,2023-06-27T02:00:09Z
為什麼飯店的水煮花生米那麼好吃，原來做法這麼簡單，下酒又下飯【一畫美食】#水煮花生米 #水煮 #花生米,https://www.youtube.com/watch?v=zOt7p1S2eVU,2023-06-26T06:18:14Z
白灼大蝦，不要直接用水煮，教你正確做法，蝦肉鮮嫩入味超好吃【一畫美食】#蝦肉 #白灼大蝦,https://www.youtube.com/watch?v=NGoWW85toAI,2023-06-24T07:29:38Z
炒花哈最忌直接焯水，海邊人教我家常做法，花哈鮮嫩入味乾淨無沙【一畫美食】#花哈 #花哈做法,https://www.youtube.com/watch?v=6hkX_0oR4sA,2023-06-23T01:00:11Z
天氣熱要多喝絲瓜雞蛋三鮮湯，教你這樣搭配食材，湯汁鮮美又營養【一畫美食】#絲瓜雞蛋三鮮湯 #絲瓜 #雞蛋 #三鮮湯,https://www.youtube.com/watch?v=7Bx2mByCTyk,2023-06-21T02:00:10Z
蓮藕和洋蔥搭配在一起，居然這麼好吃，少油少鹽，上桌都搶著【一畫美食】#蓮藕 #蓮藕洋蔥,https://www.youtube.com/watch?v=ePOVBnose_U,2023-06-20T03:16:09Z
這才是山東名菜把子肉正宗家常做法，軟爛鮮香，肥而不膩，真過癮【一畫美食】#山東名菜 #把子肉 #把子肉做法,https://www.youtube.com/watch?v=2Ly4bUhkc78,2023-06-19T02:00:08Z
這才是紅燒肉的正宗做法，大廚講解詳細，色澤紅亮，看完就餓了【一畫美食】#紅燒肉 #紅燒肉做法,https://www.youtube.com/watch?v=ziAbyLXmpS8,2023-06-17T03:00:11Z
腐竹這樣做才好吃，做法簡單易學，鮮香入味，營養美味，真下飯【一畫美食】#腐竹 #腐竹食譜,https://www.youtube.com/watch?v=jFPP4srsyqA,2023-06-17T01:00:08Z
最近西紅柿豆腐這個做法火了，飯店一盤38，在家做成本不到6元【一畫美食】#西紅柿豆腐 #西紅柿 #豆腐,https://www.youtube.com/watch?v=qBmQYxJJbjg,2023-06-15T04:52:03Z
做夢都沒想到，把豬肝放鍋里蒸一蒸，出鍋就是一道經典美食，真香【一畫美食】#豬肝 #豬肝食譜,https://www.youtube.com/watch?v=jOyrvtyTX6M,2023-06-14T01:00:08Z
蛋炒飯到底是先炒飯還是先炒蛋？今天教你營養好吃的做法，太香了【一畫美食】#蛋炒飯 #炒飯,https://www.youtube.com/watch?v=PKk85cLMkf8,2023-06-13T02:00:11Z
絲瓜很多人都是直接下鍋炒，難怪發黑又出水，教你絲瓜好吃的做法【一畫美食】#絲瓜 #絲瓜做法,https://www.youtube.com/watch?v=zrF2T1KfxQo,2023-06-12T03:00:09Z
想吃酸辣粉別去外面買了，沒想到在家做這麼簡單，酸辣過癮真解饞【一畫美食】#酸辣粉 #酸辣粉做法,https://www.youtube.com/watch?v=UCq_IpZopv0,2023-06-10T02:00:08Z
夏天要多吃苦瓜，老保姆教我素炒苦瓜的家常做法，脆嫩多汁還不苦【一畫美食】#苦瓜 #素炒苦瓜 #炒苦瓜,https://www.youtube.com/watch?v=JwuNt09rIBc,2023-06-09T08:35:04Z
夏天要多吃魚，教你鱸魚簡單又好吃的家常做法，鮮嫩多汁，真解饞【一畫美食】#魚 #鱸魚 #鱸魚做法,https://www.youtube.com/watch?v=5KBZmyiqhL8,2023-06-05T01:00:10Z
陝西油潑面的家常做法，飯店一盤賣28，在家成本才5元，香辣解饞【一畫美食】#家常做法 #陝西油潑面 #陝西 #油潑面,https://www.youtube.com/watch?v=ia_STQjLH0c,2023-06-04T05:56:01Z
茄子豆角有人焯水，有人直接炒，難怪不好吃，大廚教你正確做法【一畫美食】#茄子豆角 #茄子 #豆角,https://www.youtube.com/watch?v=OSkU5jQWh4Y,2023-06-01T02:00:08Z
一把四季豆搭配一個土豆，出鍋沒想到這麼好吃，用料簡單味道足【一畫美食】#四季豆 #土豆,https://www.youtube.com/watch?v=7iVdRut1M6o,2023-05-31T04:00:10Z
西蘭花不一樣的新做法，好吃到筷子停不下來，無水無油，多吃不胖【一畫美食】#西蘭花 #西蘭花做法,https://www.youtube.com/watch?v=Hrc0b0uqWoc,2023-05-31T02:00:08Z
炒豬血時，很多人第一步就做錯了，教你正確做法，鮮香滑嫩好下飯【一畫美食】#豬血 #炒豬血,https://www.youtube.com/watch?v=q2S2kNDehUU,2023-05-29T07:00:08Z
把雞蛋液淋入方便面中，真是厲害，從沒見過這種做法，出鍋太香【一畫美食】#雞蛋 #雞蛋液 #方便面,https://www.youtube.com/watch?v=jK_Vl1sRW9c,2023-05-28T02:00:08Z
萬萬沒想到，把雞蛋打入豆腐中，出鍋就是一道傳統名菜，鮮香滑嫩【一畫美食】#雞蛋 #豆腐,https://www.youtube.com/watch?v=d-KkEyuhD_c,2023-05-27T03:00:12Z
排骨不要總是煲湯了，教你不一樣的新吃法，軟爛入味，吃完舔手指【一畫美食】#排骨 #排骨煲湯 #排骨新吃法,https://www.youtube.com/watch?v=ZLeXiN0OnbY,2023-05-27T01:00:09Z
辣椒開始掛滿枝頭，摘點青椒配上拆骨豬腳，香辣入味，下飯真過癮【一畫美食】#辣椒 #辣椒豬腳,https://www.youtube.com/watch?v=ENeotJ7fmLg,2023-05-26T01:00:10Z
把黃瓜放在開水里燙一燙，這才是涼拌黃瓜最好吃的做法，鮮嫩脆爽【一畫美食】#黃瓜 #涼拌黃瓜,https://www.youtube.com/watch?v=ylw8A5ExvLs,2023-05-25T02:00:10Z
雞腿這樣做真的太香了，比油炸的健康，出鍋拌飯拌面都非常好吃【一畫美食】#雞腿 #雞腿做法,https://www.youtube.com/watch?v=zd5WZ6Fe5Oc,2023-05-24T02:00:06Z
炒茄子切記不要過油或直接下鍋炒，教你一招，軟綿入味好吃下飯【一畫美食】#炒茄子 #茄子,https://www.youtube.com/watch?v=tYjemN8icYE,2023-05-23T02:00:12Z
雞翅和冬瓜搭配，這做法真是絕了，不油炸不水煮，外酥里嫩真解饞【一畫美食】#雞翅 #冬瓜 #雞翅做法 #冬瓜做法,https://www.youtube.com/watch?v=XTJglgTeADM,2023-05-20T02:00:10Z
把絲瓜放鍋里蒸一蒸，沒想到作用這麼厲害，老一輩人經常這樣吃【一畫美食】#絲瓜 #絲瓜作用 #絲瓜功效,https://www.youtube.com/watch?v=B4WfBBf8UkY,2023-05-19T03:00:07Z
這才是蔥油面的正確做法，簡單一拌鮮香濃郁，爽滑勁道，太香了【一畫美食】#蔥油面 #蔥油面做法,https://www.youtube.com/watch?v=6QLcb7sp8zE,2023-05-17T02:00:10Z
肉丸子湯好吃有訣竅，教你一招，丸子鮮嫩多汁，營養清淡不油膩【一畫美食】#肉丸子湯 #肉丸子,https://www.youtube.com/watch?v=YJkns6WOufA,2023-05-16T03:00:11Z
土豆這種做法火了，軟糯鮮香營養豐富，一出鍋口水直流，太香了【一畫美食】#土豆 #土豆做法,https://www.youtube.com/watch?v=oW0NYL1MDBc,2023-05-15T08:20:26Z
炒四季豆有人焯水也有人過油，難怪不好吃，今天教你正確做法【一畫美食】#炒四季豆 #四季豆 #四季豆食譜,https://www.youtube.com/watch?v=YL_l_KKNb8Q,2023-05-13T04:53:17Z
茶葉蛋不要買著吃了，80歲老奶奶做60年茶葉蛋的秘方，實在太香了【一畫美食】#茶葉蛋 #茶葉蛋秘方 #蛋秘方,https://www.youtube.com/watch?v=hXAtnegv-Io,2023-05-12T01:00:09Z
為什麼你炒的豬肝又老又腥呢？教你一招，豬肝滑嫩鮮香，不柴不腥【一畫美食】#豬肝 #豬肝做法  #豬肝食譜,https://www.youtube.com/watch?v=i5p3dSoYJKc,2023-05-11T02:00:09Z
韭菜和洋蔥搭配，教你一個從來沒吃過的做法，簡單又營養，真解饞【一畫美食】#韭菜 #洋蔥 #洋蔥做法,https://www.youtube.com/watch?v=8HGQnUPa4sQ,2023-05-10T02:51:31Z
紅薯葉這樣做，放上幾個小時都是翠綠翠綠的，大廚教你正確做法【一畫美食】#紅薯葉 #紅薯葉食譜,https://www.youtube.com/watch?v=SmgEUTvDLKs,2023-05-09T04:22:15Z
1條萵筍加2個雞蛋，卻是我家餐桌上常見的家常菜，脆爽可口真下飯【一畫美食】#萵筍 #雞蛋,https://www.youtube.com/watch?v=LvnD4d6vgo8,2023-05-08T03:00:09Z
西紅柿豆腐這做法火了，飯店一盤38，在家成本不過10元，真下飯【一畫美食】#西紅柿豆腐 #西紅柿 #豆腐,https://www.youtube.com/watch?v=w7gUQy-4Q_o,2023-05-07T09:29:24Z
釣回來的小魚不要扔掉了，教你家常小魚的做法，鮮香肉嫩無腥味【一畫美食】#小魚 #魚 #魚食譜,https://www.youtube.com/watch?v=vmkEx58iL2k,2023-05-05T07:04:50Z
我是萬萬沒想到，把黃豆放鍋里蒸一蒸，出鍋瞬間變美食，太香了【一畫美食】#黃豆 #黃豆美食,https://www.youtube.com/watch?v=nu63-sOhVRY,2023-05-04T01:00:09Z
虎皮青椒不要直接下鍋，多加這一步，鮮香入味，拿肉來都不換【一畫美食】#虎皮青椒 #青椒,https://www.youtube.com/watch?v=72n6IjVl0xo,2023-05-03T02:00:07Z
燉雞肉時，千萬不要焯水或放高壓鍋壓，教你一招，雞肉鮮香滑嫩。【一畫美食】#雞肉 #燉雞肉 #雞做法·,https://www.youtube.com/watch?v=rK52Q1AhkBw,2023-04-30T12:49:14Z
教你懶人版豉油雞的家常做法，廣東人都愛吃，鮮嫩入味，太香了【一畫美食】#豉油雞 #豉油雞做法 #雞食譜,https://www.youtube.com/watch?v=GDTGGt6w_j4,2023-04-29T05:53:33Z
娃娃菜不要總是炒著吃了，教你蒜蓉粉絲蒸娃娃菜，蒜香濃郁又脆爽【一畫美食】#娃娃菜 #娃娃菜食譜 #菜,https://www.youtube.com/watch?v=Qarto6V8LGc,2023-04-28T02:00:11Z
今天才知道，炒苦瓜不要直接下鍋，教你一招，苦瓜不苦，脆爽可口【一畫美食】 #苦瓜 #苦瓜食譜,https://www.youtube.com/watch?v=EBVaByliPhI,2023-04-27T05:16:35Z
80歲湘菜大師偷偷告訴我辣椒炒肉的正確做法，香而不膩，鮮嫩不柴【一畫美食】#湘菜大師 #辣椒炒肉 #辣椒,https://www.youtube.com/watch?v=MDmNUm6Rg_8,2023-04-24T03:00:07Z
我家一周要吃8次這個青椒炒雞蛋，做法簡單還特別的開胃，真下飯【一畫美食】#青椒炒雞蛋 #青椒 #雞蛋,https://www.youtube.com/watch?v=Rjc9A7faPFs,2023-04-23T03:00:10Z
乾煸四季豆做法實在太簡單了，幾分鐘就學會，鮮嫩脆爽，入味好吃【一畫美食】#乾煸四季豆 #四季豆,https://www.youtube.com/watch?v=uaqYL1Kd0HM,2023-04-22T02:00:11Z
豬肝別簡單用水洗，等於吃毒素，加一瓶啤酒，鮮嫩無腥味，真解饞【一畫美食】#豬肝 #豬肝食譜 #porkrecipe,https://www.youtube.com/watch?v=ig2Kg-16SpA,2023-04-20T05:00:26Z
萬萬沒想到，吃了40年的土豆，終於找到了好吃的味道，太解饞了【一畫美食】#土豆 #土豆食譜,https://www.youtube.com/watch?v=zPPNRZWow-A,2023-04-19T02:00:09Z
蘆筍怎麼做才好吃呢？教你簡單的家常做法，鮮嫩脆爽，營養又美味【一畫美食】#蘆筍 #蘆筍做法,https://www.youtube.com/watch?v=TGRKoygOXag,2023-04-13T03:00:06Z
無論炒什麼肉都不要直接下鍋炒，教你一招，滑嫩入味，不腥也不柴【一畫美食】,https://www.youtube.com/watch?v=ST_NQOXZlQQ,2023-04-12T02:00:08Z
教你乾撈粉絲簡單又好吃的家常做法，勁道Ｑ彈，乾香入味，真過癮【一畫美食】#乾撈粉絲 #乾撈粉絲做法 #粉絲做法,https://www.youtube.com/watch?v=Q4eYLecr8iY,2023-04-09T04:31:18Z
【Mapo Tofu Recipe】做麻婆豆腐時，千萬不要直接下鍋炒，教你一招，鮮香滑嫩，真下飯【一畫美食】#麻婆豆腐 #豆腐 #川菜料理 #烹飪技巧 #美食分享  #豆腐佳餚 #中式料理,https://www.youtube.com/watch?v=GkrIGpCNyVA,2023-04-08T02:00:07Z
【超簡單】炒茄子技巧大公開！教你一招讓茄子滑嫩入味 【一畫美食】#炒茄子 #茄子料理 #健康美食 #中式料理 #家常菜,https://www.youtube.com/watch?v=ZR83mD6NGPU,2023-04-07T02:00:08Z
清明採春筍炒臘肉，老爸大讚好吃！【一畫美食】#春筍炒臘肉 #清明美食 #山珍海味 #美食分享 #家常菜 #美味佳餚 #健康飲食 #美食探險 #美食生活 #美食日記,https://www.youtube.com/watch?v=B0lfzvNOxak,2023-04-06T13:30:09Z
大廚教你雞肉簡單又好吃的做法，鮮香入味 The chef teaches you how to make chicken simple and delicious  #雞肉 #爆炒尖椒雞,https://www.youtube.com/watch?v=PGF-0m27Bv0,2023-04-05T03:00:08Z
這才是紅燒肉簡單的做法，用料簡單，講解詳細，不等看完就學會了【一畫美食】#紅燒肉 #Bellypork #porkrecipe,https://www.youtube.com/watch?v=oXOxGnW96Sw,2023-04-04T02:00:07Z
Egg recipe 萬萬沒想到，黃瓜中打入5個雞蛋，出鍋這麼好吃，營養又美味【一畫美食】#黃瓜 #雞蛋,https://www.youtube.com/watch?v=PnWDrHrUdNE,2023-04-02T02:00:10Z
牛肉怎麼醃制才嫩，30年經驗分享，不乾不柴不塞牙，鮮香嫩滑入味【一畫美食】#牛肉 #牛肉食譜,https://www.youtube.com/watch?v=_YrCqY3AFfs,2023-04-01T02:00:11Z
水煮荷包蛋這樣做才好吃，不散花也不起白沫，個個圓潤又漂亮【一畫美食】#水煮荷包蛋 #一畫美食 #技巧分享,https://www.youtube.com/watch?v=wPFBw3t3-_k,2023-03-31T02:00:10Z
【一畫美食】教你紅燒家常豆腐的好吃做法，比麻婆豆腐還香，家人都喜歡 | 紅燒豆腐料理技巧 #紅燒豆腐 #家常做法 #鮮嫩爽滑 #一畫美食 #美味煮意,https://www.youtube.com/watch?v=6qGadHzPrco,2023-03-30T02:00:11Z
#懶人必備！ 教你啤酒鴨的簡單做法，軟爛入味，不腥不柴，回味無窮 | 啤酒鴨家常做法【一畫美食】#懶人做法 #啤酒鴨 #軟爛入味 #不腥不柴 #一畫美食 #美味煮意,https://www.youtube.com/watch?v=Ciq_mbMQkys,2023-03-28T06:27:30Z
秋葵原味最美味！一畫美食教你白灼秋葵的家常做法，鮮嫩多汁營養美味 | 秋葵白灼 #秋葵家常做法 #白灼秋葵 #鮮嫩多汁 #營養美味 #一畫美食 #美味煮意,https://www.youtube.com/watch?v=5iC0x__mbKY,2023-03-27T02:00:11Z
為什麼面館裡的酸辣涼拌面那麼好吃，原來做法這麼簡單，酸辣爽滑【一畫美食】#酸辣涼拌面 #酸辣 #涼拌面,https://www.youtube.com/watch?v=IhjjDBvs7qc,2023-03-25T02:00:08Z
小雞燉蘑菇簡單又好吃的家常做法，鮮香濃郁，營養美味不柴也不腥【一畫美食】 #雞燉蘑菇 #蘑菇 #食譜分享 #雞,https://www.youtube.com/watch?v=w59HTbPlkys,2023-03-24T07:00:09Z
蛋炒飯是先炒飯還是先炒蛋？今天教你一招，鮮香濃郁，營養又美味【一畫美食】#蛋炒飯 # 蛋,https://www.youtube.com/watch?v=CVaAWF_TrFY,2023-03-23T01:00:12Z
飯店涼拌菠菜的訣竅大公開！簡單方法讓菠菜鮮嫩脆爽，美味不再難【美食秘訣】 #涼拌菠菜 #涼拌 #菠菜 #美食秘訣,https://www.youtube.com/watch?v=SRje9XpDDEw,2023-03-22T03:00:09Z
土豆不要總是炒土豆絲了，教你不一樣的新做法，軟糯鮮香，真下飯【一畫美食】#土豆 #土豆絲 #土豆絲做法,https://www.youtube.com/watch?v=3fDwD8u20Qo,2023-03-20T02:00:11Z
西紅柿雞蛋湯，切記不要直接放雞蛋，教你一招，蛋花漂亮，湯鮮美【一畫美食】#西紅柿雞蛋 #西紅柿 #雞蛋,https://www.youtube.com/watch?v=9MgKRUlHcwQ,2023-03-19T02:00:07Z
大廚教你糖醋排骨好吃的家常做法，色澤紅亮，酸甜適口，真解饞【一畫美食】#糖醋排骨 #糖醋 #排骨,https://www.youtube.com/watch?v=3L69aG5tlVI,2023-03-18T03:15:08Z
大蔥燒豆腐簡單又好吃的做法，蔥香濃郁，外酥里嫩，全家人都愛吃【一畫美食】#大蔥燒豆腐 #大蔥 #豆腐,https://www.youtube.com/watch?v=O_nmdU6g0L0,2023-03-17T01:00:08Z
炒蕨菜時，切記直接下鍋炒，教你一招，蕨菜鮮嫩爽滑，營養美味【一畫美食】#炒蕨菜 #蕨菜 #蕨菜做法,https://www.youtube.com/watch?v=igETgOrkaqc,2023-03-16T02:00:10Z
60多歲的老父親，第一次吃到這麼好吃的紅燒牛蹄，軟爛入味真過癮【一畫美食】#紅燒牛蹄 #紅燒 #牛蹄,https://www.youtube.com/watch?v=WOCPvW-_pB0,2023-03-15T02:00:08Z
洋蔥木耳炒雞蛋沒想到這麼好吃，清脆爽口，開胃下飯【一畫美食】#洋蔥木耳炒雞蛋 #洋蔥 #木耳 #雞蛋,https://www.youtube.com/watch?v=B7mnUPf4A9E,2023-03-12T04:47:15Z
玉米排骨湯不要亂燉，教你正確做法，湯甜肉香，營養豐富真解饞【一畫美食】#玉米排骨湯 #玉米 #排骨湯,https://www.youtube.com/watch?v=JB3A51TgmlY,2023-03-11T02:00:07Z
湖南家喻戶曉的下飯名菜擂辣椒炒雞蛋，原來做法這麼簡單，真開胃【一畫美食】 #湖南 #湖南下飯名 #擂辣椒炒雞蛋 #雞蛋,https://www.youtube.com/watch?v=_uQgROs0Iw8,2023-03-10T01:00:17Z
吃了30多年的白菜，原來切都切錯了，教你最好吃的做法，鮮嫩入味【一畫美食】#白菜 #白菜做法,https://www.youtube.com/watch?v=mJVlXqUkKZg,2023-03-09T02:00:08Z
洋蔥炒肉到底是先炒洋蔥還是肉，教你簡單的做法，鮮嫩脆爽好下飯【一畫美食】#洋蔥炒肉 #洋蔥 #肉,https://www.youtube.com/watch?v=0VMi0JFrUY4,2023-03-07T04:56:53Z
黃瓜這樣炒實在太好吃了，做法簡單，脆爽可口，咸香入味，真下飯【一畫美食】#黄瓜炒法 #清炒黄瓜 #家常菜,https://www.youtube.com/watch?v=iq10xWFY1kM,2023-03-06T02:00:10Z
紅燒雞爪最好吃的家常做法，比檸檬雞爪還好吃，軟爛入味，真解饞【一畫美食】#紅燒雞爪 #家常做法 #美食食譜 #雞爪入味 #下酒小菜 #紅燒料理 #家常美食 #中式料理 #小吃 #一畫美食,https://www.youtube.com/watch?v=I2qyf3NpEb4,2023-03-05T07:11:18Z
鱸魚別總清蒸或紅燒了，教你一個新做法，營養美味，不腥也不柴【一畫美食】#鱸魚 #魚做法 #清蒸 #紅燒 #美食 #營養 #美味 #不腥 #不柴 #一畫美食,https://www.youtube.com/watch?v=xxXsBzoQ9aw,2023-03-04T02:00:09Z
炒四季豆時，切記不要直接下鍋炒，教你一招，鮮嫩脆爽，好吃下飯【一畫美食】#炒四季豆 #下鍋炒 #烹飪技巧 #鮮嫩脆爽 #好吃下飯 #美食 #營養 #料理小撇步 #一畫美食 #家常菜,https://www.youtube.com/watch?v=zKouHDslkJI,2023-03-03T02:00:07Z
炒花菜時，切記不要焯水或直接炒，教你一招，香辣脆爽，開胃下飯【一畫美食】#炒花菜 #焯水 #烹飪技巧 #香辣脆爽 #好吃下飯 #美食 #營養 #料理小撇步 #一畫美食 #家常菜,https://www.youtube.com/watch?v=NhURb-CuyI4,2023-03-02T02:00:10Z
大廚教你炒米粉的家常做法，步驟詳細，不粘鍋不成坨，勁道鮮香【一畫美食】#炒米粉 #米粉做法 #烹飪技巧 #不粘鍋 #勁道鮮香 #美食 #營養 #大廚教學 #料理小撇步 #一畫美食,https://www.youtube.com/watch?v=_mtoyv7PpGk,2023-03-01T01:50:50Z
把雞蛋倒入茄子中沒想到這麼好吃，軟糯鮮香，學會了趕緊做起來吧【一畫美食】#茄子煎蛋 #烹飪技巧 #軟糯鮮香 #美食 #下飯菜 #料理小撇步 #健康飲食 #一畫美食 #家常菜 #食譜分享,https://www.youtube.com/watch?v=_JwvsgxfdgE,2023-02-28T02:00:09Z
土豆不要總是炒土豆絲了，做道椒鹽土豆，外焦里糯，咸香味美【一畫美食】#椒鹽土豆 #烹飪技巧 #外焦里糯 #美食 #下飯菜 #料理小撇步 #健康飲食 #一畫美食 #家常菜 #食譜分享,https://www.youtube.com/watch?v=gtikNguZafU,2023-02-27T08:27:45Z
愛吃麵條的要收藏了，教你肉末麵條的懶人做法，順滑爽口，太香了【一畫美食】#肉末麵條 #烹飪技巧 #順滑爽口 #美食 #下飯菜 #懶人做法 #健康飲食 #一畫美食 #家常菜 #食譜分享,https://www.youtube.com/watch?v=5nzR4BK88HY,2023-02-25T02:00:09Z
做夢都沒想到，把雞蛋倒入西蘭花中，出鍋瞬間變美食，好看又好吃【一畫美食】#雞蛋西蘭花 #烹飪技巧 #美食 #創意料理 #美味可口 #健康飲食 #一畫美食 #家常菜 #食譜分享 #菜品搭配,https://www.youtube.com/watch?v=OnwhO41Xm9E,2023-02-24T02:00:08Z
炒雞肉時千萬別焯水或直接下鍋，教你一招，雞肉鮮香嫩滑，太香了【一畫美食】#炒雞肉 #炒雞肉做法 #雞肉做法,https://www.youtube.com/watch?v=fZZIm9GVcsM,2023-02-23T06:32:47Z
炒胡蘿蔔時，切記不要焯水，教你胡蘿蔔炒肉的正確做法，好吃下飯【一畫美食】#炒胡蘿蔔 #胡蘿蔔  #胡蘿蔔做法,https://www.youtube.com/watch?v=W4KyMNd5xZ0,2023-02-22T06:19:16Z
煮大蝦時，切記直接用水煮，教你新做法，蝦肉鮮嫩多汁，鮮甜美味【一畫美食】#大蝦 #大蝦做法,https://www.youtube.com/watch?v=tg1xcb1CaTc,2023-02-21T02:00:09Z
我是萬萬沒想到，蓮藕這樣簡單的炒一下，清脆爽口，好吃又下飯【一畫美食】#蓮藕 #蓮藕做法,https://www.youtube.com/watch?v=twFodC-Xq_I,2023-02-20T03:00:09Z
80歲老奶奶的拿手好菜醃蒜苗，鮮嫩脆爽，開胃解膩，下酒又下飯【一畫美食】#老奶奶 #好菜醃蒜苗 #醃蒜苗,https://www.youtube.com/watch?v=CDYMEfbK1mg,2023-02-20T02:00:11Z
燉蘿蔔排骨湯時，切記不要焯水，教你一招，湯鮮肉嫩，營養不流失【一畫美食】#蘿蔔排骨湯  ##蘿蔔 #排骨,https://www.youtube.com/watch?v=4btQe3r522c,2023-02-18T01:00:07Z
麵條好吃又簡單的做法，每天吃都不膩，湯色清澈，營養美味太香了【一畫美食】#麵條 #麵條做法,https://www.youtube.com/watch?v=0nGNFj8TEpk,2023-02-17T03:00:10Z
做夢都沒想到，雞翅這樣做簡直太香了，比紅燒的好吃，比油炸健康【一畫美食】#雞翅 #雞翅做法,https://www.youtube.com/watch?v=rIyncvjURFQ,2023-02-16T02:00:07Z
不去湖南也可以吃到正宗的青椒炒肉，今天教你在家做，實在太香了【一畫美食】#青椒炒肉 #青椒 #肉,https://www.youtube.com/watch?v=GfDAJYdYoSM,2023-02-15T10:06:53Z
雞蛋炒豆芽最簡單的家常做法，豆芽鮮嫩脆爽不出水，雞蛋爽滑細膩【一畫美食】# 雞蛋炒豆芽 # 雞蛋 #豆芽做法,https://www.youtube.com/watch?v=e0d3tQr2nPQ,2023-02-14T03:39:34Z
韭菜炒雞蛋，到底是先炒韭菜還是雞蛋？教你一招，鮮嫩脆爽不出水【一畫美食】#韭菜炒雞蛋 #韭菜 #雞蛋,https://www.youtube.com/watch?v=P4UJCtv_6f0,2023-02-13T02:00:07Z
油豆腐這樣做，飯店一盤要48，在家成本不到10元，鮮香入味真下飯【一畫美食】#油豆腐  #豆腐  #豆卜,https://www.youtube.com/watch?v=zxfLcF8KuMY,2023-02-12T02:00:09Z
這才是金典的蒜香排骨做法，蒜香味濃郁，外酥里嫩，下酒又下飯【一畫美食】#金典 #金典做法,https://www.youtube.com/watch?v=eZL8XS_9tSk,2023-02-11T02:00:12Z
這才是糖醋排骨簡單又好吃的做法，軟爛入味又脫骨，實在太香了【一畫美食】#糖醋排骨 #糖醋 #排骨,https://www.youtube.com/watch?v=G5nCAr4CmB0,2023-02-10T03:00:07Z
春天要多喝三鮮湯，教你這樣搭配食材，營養又美味，清淡不油膩【一畫美食】#三鮮湯 #三鮮湯做法,https://www.youtube.com/watch?v=n4n2nBx9zxY,2023-02-09T01:00:10Z
大廚教你如何做蒜苔炒雞蛋，這烹飪技術太棒了，鮮香入味好下飯【一畫美食】#蒜苔炒雞蛋 #蒜苔# 雞蛋,https://www.youtube.com/watch?v=ZcVFtBQbQ1M,2023-02-08T02:00:08Z
大蝦不要再白灼了，教你油燜大蝦簡單的家常做法，鮮香入味真解饞【一畫美食】#大蝦 #油燜大蝦 #大蝦做法,https://www.youtube.com/watch?v=hTO1lTRKeLE,2023-02-07T01:00:10Z
元宵佳節吃湯圓，教你不一樣的新吃法，不破皮不露餡，營養又美味【一畫美食】#元宵佳節 #湯圓 #湯圓吃法,https://www.youtube.com/watch?v=5xQe9SNjmvI,2023-02-06T02:00:09Z
喜歡吃麵條的要收藏，教你在家做秘制炸醬，80年面館配方，太香了【一畫美食】#麵條 #麵條做法 #秘制炸醬,https://www.youtube.com/watch?v=9mxdv_YRMV0,2023-02-05T06:41:03Z
把蒜苔放鍋里蒸一蒸，出鍋瞬間變美食，蒜苔脆嫩入味，營養不流失【一畫美食】#蒜苔 #蒜苔做法,https://www.youtube.com/watch?v=whE83NN9--c,2023-02-03T02:00:08Z
椒鹽蝦怎麼做才好吃呢，原來有訣竅，外皮椒香酥脆，蝦肉鮮嫩Q彈【一畫美食】#椒鹽蝦 #椒鹽 #蝦,https://www.youtube.com/watch?v=8Csn3iJgV6E,2023-02-02T02:00:08Z
炒上海青切記不要焯水或者過油，教你家常做法，鮮嫩脆爽超下飯【一畫美食】#炒上海青  #上海青,https://www.youtube.com/watch?v=BzwAqbnYqQ4,2023-01-31T06:00:07Z
大廚教你鮮蝦雙色蛋的家常做法，步驟詳細，鮮嫩爽滑，老少皆宜【一畫美食】#鮮蝦雙色蛋 #鮮蝦雙色蛋做法,https://www.youtube.com/watch?v=YcVE-cuvKcg,2023-01-28T01:00:09Z
立春必吃的傳統美食炒合菜，做法簡單，鮮香滑嫩，脆爽可口【一畫美食】#傳統美食炒合菜 #傳統美食 #炒合菜,https://www.youtube.com/watch?v=nidLdB85i_M,2023-01-26T02:00:09Z
今天給大家分享大白菜的新做法，寓意財源滾滾而來，好看又好吃。【一畫美食】#大白菜 #大白菜做法 #白菜做法,https://www.youtube.com/watch?v=GpJvBgVT9cw,2023-01-24T09:12:22Z
涼拌黃瓜切記不要用鹽醃制，教你詳細做法，鮮嫩脆爽，下酒又下飯【一畫美食】#涼拌黃瓜 #黃瓜,https://www.youtube.com/watch?v=7I6zWJtTI3w,2023-01-21T01:00:10Z
牛蛙怎麼做才能鮮嫩多汁，嫩滑入味，教你一招，學會了都說好吃【一畫美食】#牛蛙 #牛蛙做法,https://www.youtube.com/watch?v=IKOqt6brjvU,2023-01-20T02:00:10Z
傳統名菜東坡肉不一樣的家常做法，肥而不膩，醇香軟爛，入口即化【一畫美食】#傳統名菜 #東坡肉  #東坡肉做法,https://www.youtube.com/watch?v=vrC9kzYvbDY,2023-01-19T05:22:43Z
過年餐桌上做一道蒜蓉金針菇，簡單方便，好看又好吃，到時候安排【一畫美食】#蒜蓉金針菇 #蒜蓉 #金針菇,https://www.youtube.com/watch?v=PC4gm4xDtlQ,2023-01-17T04:17:45Z
冬吃蘿蔔夏吃姜，教你簡單的蘿蔔丁家常做法，鮮嫩脆爽，開胃下飯【一畫美食】#冬吃蘿蔔夏吃姜 #蘿蔔 #蘿蔔 做法,https://www.youtube.com/watch?v=jJYGlNHuEyo,2023-01-16T01:00:06Z
大廚教你包菜炒粉絲的家常做法，乾香入味，不粘鍋不成坨，真解饞【一畫美食】#包菜炒粉絲 #包菜 #粉絲,https://www.youtube.com/watch?v=VjCsWaFYn-k,2023-01-15T06:10:30Z
大廚教你排骨藕湯的家常做法，步驟詳細，湯汁濃香，蓮藕軟糯入味【一畫美食】#排骨藕湯 #排骨 #藕湯,https://www.youtube.com/watch?v=2a2we0xvhsM,2023-01-14T01:00:07Z
一個土豆加一個洋蔥，簡單一做真解饞，香辣開胃，全家人都喜歡吃【一畫美食】#土豆 #洋蔥 #簡單家常菜,https://www.youtube.com/watch?v=W5RSNNvmi6k,2023-01-13T01:00:07Z
橙子皮加生薑，88歲老人的長壽秘訣，經常喝它，腿腳利索精神好【一畫美食】#橙子 #橙子皮 #生薑,https://www.youtube.com/watch?v=FNY6lP7Bgqg,2023-01-12T01:00:07Z
土豆不要總是炒土豆絲了，教你新吃法，軟糯鮮香q彈，下飯特別香【一畫美食】#土豆絲 #土豆絲做法,https://www.youtube.com/watch?v=5oTRJtsqxxU,2023-01-11T01:00:10Z
炒蘑菇好吃有技巧，教你一招，鮮香入味，營養豐富，下酒又下飯【一畫美食】#炒蘑菇 #蘑菇,https://www.youtube.com/watch?v=p95_Bt8s4mM,2023-01-07T01:00:07Z
吃了30多年的青椒炒雞蛋，只喜歡這個做法，鮮香滑嫩，開胃下飯【一畫美食】#青椒炒雞蛋 #青椒 #雞蛋,https://www.youtube.com/watch?v=mk1R8pGqgsY,2023-01-05T05:40:47Z
把雪梨上鍋蒸一蒸，出鍋瞬間變美食，嗓子不舒服，趕緊收藏試試吧【一畫美食】#雪梨 #雪梨做法,https://www.youtube.com/watch?v=XAnQ8phwFy0,2023-01-04T01:00:08Z
山藥搭配雞蛋，教你好吃的做法，30年老保姆拿手絕活，營養又健康【一畫美食】#山藥 #雞蛋 #雞蛋做法,https://www.youtube.com/watch?v=VxmGOpaK0Oc,2023-01-03T01:00:09Z
餃子別總煮著吃了，教你新年新吃法，外酥里嫩，金黃酥脆，太香了【一畫美食】#餃子 #餃子吃法,https://www.youtube.com/watch?v=qqg4nw7qasE,2023-01-02T01:00:10Z
飯店裡的麻婆豆腐那麼好吃，原來做法這麼簡單，味道正宗，太香了【一畫美食】#麻婆豆腐 #豆腐  #豆腐做法,https://www.youtube.com/watch?v=YKYgPp4BOCY,2023-01-01T06:17:35Z
冬季要多吃木耳炒山藥，脆嫩爽口，清淡又營養，全家人都喜歡吃【一畫美食】#木耳炒山藥 #山藥 #木耳,https://www.youtube.com/watch?v=zYu0EdJ64M0,2022-12-31T01:00:09Z
手撕包菜想要好吃，其實沒有那麼多技巧，不焯水不過油，鮮嫩脆爽【一畫美食】#手撕包菜 #手撕包菜做法,https://www.youtube.com/watch?v=TyLf9NGtnAY,2022-12-30T02:34:37Z
難得一見的傳統家常老菜醋溜白菜，大廚教你正確做法，鮮嫩脆爽【一畫美食】 #家常老菜醋溜白菜 #醋溜白菜 #白菜,https://www.youtube.com/watch?v=FHxTWhGvNqI,2022-12-28T13:41:57Z
炒菠菜要不要焯水？教你最簡單的家常做法，菠菜鮮嫩脆爽又清甜【一畫美食】#清炒菠菜 #菠菜 #菠菜焯水 #菠菜做法,https://www.youtube.com/watch?v=fi3BCC9UTGQ,2022-12-27T13:20:54Z
嫌面館牛肉面的牛肉少，教您自己在家做，麵條勁道爽滑，牛肉解饞【一畫美食】#面館牛肉面 #牛肉面,https://www.youtube.com/watch?v=58V_uiHdFJI,2022-12-26T11:45:28Z
炒花甲時，最忌焯水或直接下鍋炒，教你一招，鮮嫩入味，乾淨無沙【一畫美食】#炒花甲 #炒花甲做法,https://www.youtube.com/watch?v=qAZz0KygUKI,2022-12-25T01:00:08Z
很多廣東朋友兒菜不會做，試試這種經典做法，鮮嫩脆爽，香辣開胃【一畫美食】#經典做法,https://www.youtube.com/watch?v=eR222HFA4oQ,2022-12-24T08:24:34Z
吃了30多年西紅柿，頭一次見這種新做法，剛出鍋就流口水了，真香【一畫美食】#西紅柿 #西紅柿做法 #蕃茄,https://www.youtube.com/watch?v=75BkXKFdFsE,2022-12-23T06:03:46Z
炸魚塊時到底是放麵粉還是澱粉？教你正確做法，外酥里嫩無腥味【一畫美食】#炸魚塊 #炸魚塊做法,https://www.youtube.com/watch?v=LM1_xZiqIJA,2022-12-22T02:55:02Z
冬天反復咳嗽，試試這個金桔檸檬膏，潤肺止咳又化痰，美味又健康【一畫美食】#咳嗽 #金桔檸檬膏 #潤肺止咳 #化痰,https://www.youtube.com/watch?v=c--ExVnqs6A,2022-12-21T01:35:23Z
這才是家常煎豆腐的正確做法，鮮香滑嫩，開胃下飯，全家人都愛吃【一畫美食】#家常煎豆腐 #家常 #豆腐做法,https://www.youtube.com/watch?v=XFsfEQrOP24,2022-12-19T01:00:06Z
炒臘肉時，最忌直接下鍋炒，教你一招，臘肉鮮香濃郁，不硬不咸【一畫美食】#臘肉 #炒臘肉,https://www.youtube.com/watch?v=Nn8lZOABgRk,2022-12-18T01:00:07Z
魚香肉絲不要去店裡吃了，自己在家也能做，鮮香滑嫩，好吃又下飯【一畫美食】#魚香肉絲 #肉絲,https://www.youtube.com/watch?v=rpwe7__Ixn4,2022-12-17T07:44:04Z
把雞蛋倒進滾燙的開水中，出鍋瞬間變美食，口感鮮嫩爽滑，真下飯【一畫美食】#雞蛋 #雞蛋開水 #開水,https://www.youtube.com/watch?v=U1UTQna1LEA,2022-12-16T03:08:54Z
南瓜不要煮著吃了，做個脆皮南瓜餅，外酥里糯，個個空心，太香了【一畫美食】#南瓜  #南瓜做法 #脆皮南瓜餅,https://www.youtube.com/watch?v=p1mNmSFD3U0,2022-12-15T01:00:09Z
大廚教你做特色炒雞，比臨沂炒雞還好吃，做法和配方全在這，真香【一畫美食】#特色炒雞 #炒雞 #雞,https://www.youtube.com/watch?v=lff8sHIr9JI,2022-12-14T07:00:08Z
鯽魚最好吃的做法，醬香入味，肉質鮮嫩，營養又美味，下酒又下飯【一畫美食】#鯽魚 #鯽魚做法,https://www.youtube.com/watch?v=NRZNU-Y4BL4,2022-12-13T07:51:23Z
雞胸肉這樣做太好吃了，外酥里嫩，孩子三天兩頭點名要吃，真香【一畫美食】#雞胸肉 #雞胸,https://www.youtube.com/watch?v=8jcf2SUZKbg,2022-12-12T01:00:10Z
難怪飯店裡的涼拌洋蔥那麼好吃，原來訣竅這麼簡單，幾分鐘就學會【一畫美食】#涼拌洋蔥 #涼拌 #洋蔥,https://www.youtube.com/watch?v=7bxSQBUcf6U,2022-12-11T01:19:19Z
看似簡單的油炸花生米，其實也有很多技巧，教你一招，不焦又香脆【一畫美食】#油炸花生米 #油炸 #花生米,https://www.youtube.com/watch?v=T4dmK05tZyk,2022-12-05T01:00:11Z
真的沒想到，吃了30多年的雞蛋，還是這種做法吃不厭，好吃又下飯【一畫美食】#雞蛋 #雞蛋做法,https://www.youtube.com/watch?v=HfpXFBpl1iQ,2022-12-04T01:00:07Z
以後要是遇到這樣的小雜魚，趕緊買回家做好吃的，鮮香美味好下飯【一畫美食】#雜魚  #魚,https://www.youtube.com/watch?v=kogLUe8toFg,2022-12-01T01:00:10Z
天氣越來越涼了，在家做一道家常版羊肉火鍋，鮮香濃郁，真解饞【一畫美食】#羊肉火鍋 #羊肉 #火鍋,https://www.youtube.com/watch?v=40gPvrMbKG4,2022-11-30T07:41:23Z
把雞蛋倒入粉條中，出鍋瞬間變美食，做法簡單，軟糯Q彈，太香了【一畫美食】#雞蛋 #粉條,https://www.youtube.com/watch?v=ae7HjzlXA2s,2022-11-28T03:27:30Z
天冷了想喝湯，教你黑豆豬肚湯的家常做法，軟爛鮮香，喝完暖洋洋【一畫美食】#黑豆豬肚湯 #黑豆 #豬肚湯,https://www.youtube.com/watch?v=maxtCnHHU38,2022-11-27T02:06:11Z
大廚教你大蔥爆雞胸肉的家常做法，出鍋鮮嫩入味，不腥不柴真好吃【一畫美食】#大蔥爆雞胸肉 #大蔥 #雞胸肉,https://www.youtube.com/watch?v=EpA1h-ua1-0,2022-11-25T01:00:11Z
怪不得飯店炒的黃瓜那麼好吃，原來有技巧，學會了全家誇你是大廚【一畫美食】#黃瓜 #炒黃瓜,https://www.youtube.com/watch?v=5cjrjUREYHQ,2022-11-22T06:01:06Z
白菜不要總是炒著吃了，教你做個好吃的酸辣白菜，鮮嫩脆爽真開胃【一畫美食】#白菜 #酸辣白菜 #白菜做法,https://www.youtube.com/watch?v=0r4uJfQ-cTM,2022-11-21T01:00:11Z
豬心好吃有技巧，大廚教你飯店不外傳的秘訣，鮮嫩不腥，好吃下飯【一畫美食】#豬心 #豬心做法,https://www.youtube.com/watch?v=R4krfvRoKSU,2022-11-20T05:40:34Z
吃了四十多年的辣椒，只服這種農家特色做法，香辣脆爽，太解饞了【一畫美食】#辣椒 #辣椒做法,https://www.youtube.com/watch?v=GEyTiwSxVHc,2022-11-19T04:30:03Z
把雞蛋放在鍋里蒸一蒸，出鍋一個都不散，鮮嫩爽滑，營養又解饞【一畫美食】#雞蛋 #雞蛋做法,https://www.youtube.com/watch?v=qEMJiG4P3wU,2022-11-17T07:10:12Z
雞肉別總煲湯了，教你不一樣的新吃法，比鹽焗雞和白切雞還好吃【一畫美食】#雞肉 #雞肉吃法 #雞肉做法,https://www.youtube.com/watch?v=5SpLm8mJq3U,2022-11-17T07:09:05Z
鱸魚只會清蒸就太可惜了，教你辣炒鱸魚做法，魚肉鮮嫩，不腥不柴【一畫美食】#鱸魚 #鱸魚做法,https://www.youtube.com/watch?v=Xf4zbw9NrBc,2022-11-15T01:00:08Z
麵條簡單好吃的做法，天天吃都不膩，一大碗都不夠吃，實在太香了【一畫美食】#麵條 #麵條做法,https://www.youtube.com/watch?v=1w1XRhpzwME,2022-11-14T01:00:09Z
水蒸蛋蒸幾分鐘？用冷水還是熱水？教你一招，以後蒸雞蛋羹零失敗【一畫美食】#水蒸蛋 #水蒸蛋做法,https://www.youtube.com/watch?v=6LnLKw1jCGQ,2022-11-13T01:00:07Z
把五花肉放鍋里煮一煮，出鍋實在太香了，我家一周吃5次，真解饞【一畫美食】#五花肉 #五花肉做法,https://www.youtube.com/watch?v=fCQ0vzdyagE,2022-11-12T06:03:14Z
把雞蛋淋入腐竹裡面，沒想到出鍋後這麼好吃，做法簡單，乾香有味【一畫美食】#雞蛋 #腐竹,https://www.youtube.com/watch?v=OBfCcL_sr3Y,2022-11-10T07:58:37Z
土豆和雞蛋搭配簡單一炒，沒想到這麼好吃，鮮香入味，開胃下飯【一畫美食】#土豆 #雞蛋,https://www.youtube.com/watch?v=TnrN_LsZtm0,2022-11-08T01:00:07Z
炒豬血不要直接下鍋，教你一招，炒出來的豬血鮮香嫩滑無腥味【一畫美食】 #炒豬血 #豬血,https://www.youtube.com/watch?v=Z84RzfTwUX8,2022-11-07T07:45:13Z
大蝦不要總是白灼了，酒店大廚教你蒜蓉炒蝦的秘制做法，鮮美入味【一畫美食】#大蝦 #蒜蓉炒蝦,https://www.youtube.com/watch?v=GSdomtPgWDI,2022-11-06T01:00:09Z
冬天要多吃蘿蔔，搭配雞蛋簡單一拌，清脆爽口，酸辣開胃，真解饞【一畫美食】#蘿蔔 #雞蛋,https://www.youtube.com/watch?v=WxAhvbsyLZs,2022-11-05T01:00:10Z
每天不好吃什麼，就試試這個茄子打鹵面，鮮香爽滑，好吃到轉圈圈【一畫美食】#茄子 #鹵面,https://www.youtube.com/watch?v=ATlfLZM9moo,2022-11-02T01:00:11Z
包菜炒雞蛋不一樣的新做法，不過油不焯水，脆爽可口，營養美味【一畫美食】#包菜炒雞蛋 #包菜 #雞蛋,https://www.youtube.com/watch?v=xZ0OeVjidSE,2022-11-01T01:00:08Z
紅燒雞翅超簡單的家常做法，比可樂雞翅還好吃，大人小孩都愛吃【一畫美食】#紅燒雞翅 #紅燒雞翅做法 #雞翅做法,https://www.youtube.com/watch?v=5DcxSq9X3Zs,2022-10-31T01:00:10Z
秋冬季我家最受歡迎的下飯菜，爆炒上海青，鮮甜脆爽，開胃又下飯【一畫美食】#爆炒上海青 #上海青,https://www.youtube.com/watch?v=SihfdUq0N7g,2022-10-30T01:00:09Z
韭菜不要總炒著吃了，教你不一樣的新吃法，比餃子還要香，真解饞【一畫美食】#韭菜 #韭菜做法,https://www.youtube.com/watch?v=ypB24YV8Fuo,2022-10-28T01:00:10Z
豆腐想要好吃，最忌不要直接下鍋炒，教你一招，鮮香滑嫩真下飯【一畫美食】#豆腐 #豆腐做法,https://www.youtube.com/watch?v=TkvyIi98gtg,2022-10-26T01:00:10Z
春捲懶人做法，不和面不擀麵，2分鐘出鍋，酥脆鮮香，營養又解饞【一畫美食】#春捲懶人做法 #春捲做法,https://www.youtube.com/watch?v=E6VmOnN_D6s,2022-10-25T01:00:10Z
把西紅柿放進大米中，沒想到出鍋這麼好吃，我家一周吃3次，真香【一畫美食】#西紅柿 #西紅柿做法,https://www.youtube.com/watch?v=4Ozg5YyuVx4,2022-10-23T07:06:39Z
豬肉別總紅燒了，教你水煮滑肉的懶人做法，鮮嫩爽滑，好吃又解饞【一畫美食】#豬肉 #豬肉做法 #水煮滑肉,https://www.youtube.com/watch?v=g9mnP5DklQc,2022-10-22T01:00:11Z
這才是紫菜雞蛋豆腐湯的正確做法，湯鮮味美，爽滑可口，太香了【一畫美食】#紫菜雞蛋豆腐湯 #紫菜雞蛋 #豆腐湯,https://www.youtube.com/watch?v=lznmBERXLr4,2022-10-21T01:00:07Z
我家最受歡迎的一道家常菜【#芋頭排骨煲】軟糯鮮香【一畫美食】#芋頭 #排骨,https://www.youtube.com/watch?v=d84cc0MrVuQ,2022-10-20T01:00:06Z
油豆腐這樣做，一周吃5次都不膩，飯店一盤賣48 【一畫美食】 #油豆腐 #油豆腐做法 #豆卜,https://www.youtube.com/watch?v=DWTBQ29EJ5M,2022-10-18T01:00:08Z
把豬肉放鍋里煮一煮，出鍋後沒想到這麼好吃，鮮香滑嫩【一畫美食】#豬肉 #豬肉做法,https://www.youtube.com/watch?v=pyvH6gnPFYY,2022-10-17T01:00:15Z
香菇和雞肉放在一起燉，沒想到這麼好吃，鮮香滑嫩，全家人都喜歡【一畫美食】#香菇 #雞肉,https://www.youtube.com/watch?v=XjrEeJpjJ0k,2022-10-16T01:00:10Z
炒茄子時，最忌直接下鍋炒，教你一招，茄子鮮嫩多汁【一畫美食】#炒茄子 #茄子 #茄子做法,https://www.youtube.com/watch?v=27Vy8mXjimY,2022-10-13T01:00:14Z
我是萬萬沒想到，口蘑和雞胸肉一起炒這麼好吃，低脂低卡【一畫美食】#口蘑 #雞胸肉 #雞,https://www.youtube.com/watch?v=f8EybI4xMlQ,2022-10-12T01:00:08Z
上海青這樣做，好看又好吃，家裡來客就是我的壓軸菜，上桌就光盤【一畫美食】#上海青 #上海青做法 #青菜,https://www.youtube.com/watch?v=Tbx1ESI4Fz0,2022-10-10T01:00:08Z
包菜炒粉簡單的家常做法，不粘鍋不成坨，爽滑爽口，全家人都愛吃【一畫美食】#包菜炒粉 #包菜 #粉,https://www.youtube.com/watch?v=16yBRgAoTi8,2022-10-08T03:54:14Z
把豆腐放進醬油水里浸泡幾分鐘，出鍋瞬間變美食，鮮香濃郁真下飯【一畫美食】#豆腐 #豆腐做法,https://www.youtube.com/watch?v=AHNr2w7L41E,2022-10-07T01:00:11Z
把紅薯澱粉倒進滾燙的開水中，出鍋瞬間變美食，爽滑勁道，真好吃【一畫美食】 #紅薯 #紅薯澱粉,https://www.youtube.com/watch?v=Ldq4hxY8_6s,2022-10-06T01:00:11Z
黃瓜不要總是涼拌了，教你一道脆炒黃瓜，鮮嫩脆爽，開胃下飯【一畫美食】 #黃瓜 #黃瓜做法,https://www.youtube.com/watch?v=Alhn5dVhfCY,2022-10-05T01:00:11Z
螞蟻上樹好多人做不好，不是粘鍋就是不入味，教你在家做，太香了【一畫美食】#螞蟻上樹 #螞蟻上樹做法,https://www.youtube.com/watch?v=kScMD62y7FQ,2022-10-04T01:00:11Z
把雞蛋淋入豆腐中，出鍋瞬間變美食，我家三天兩頭吃，實在太香了【一畫美食】#雞蛋 #豆腐 #豆腐美食,https://www.youtube.com/watch?v=URmdmeRF718,2022-10-02T01:00:09Z
秋天要多吃鴨肉，大廚教你啤酒鴨的家常做法，出鍋香氣濃郁無腥味【一畫美食】#鴨肉 #鴨肉做法,https://www.youtube.com/watch?v=P-pL20H2EZ4,2022-10-01T01:00:11Z
手撕包菜有人焯水也有人過油，哪有那麼複雜，教你一招，脆爽可口！【一畫美食】#手撕包菜,https://www.youtube.com/watch?v=J5DpOIRxLyI,2022-09-30T01:00:11Z
炒青菜時最忌直接下鍋炒，教你一招，青菜鮮嫩脆爽，不出水不發黃【一畫美食】#炒青菜 #青菜,https://www.youtube.com/watch?v=ZIJwXJ2wunk,2022-09-29T01:00:11Z
吃了30多年的大白菜，原來一直做錯了，80歲奶奶的老方法，真好吃【一画美食】#大白菜 #大白菜做法,https://www.youtube.com/watch?v=oQvYusDFNgg,2022-09-27T04:06:32Z
不知道吃什麼的時候，可以試試這道香乾豆腐炒豌豆苗，簡單又下飯【一畫美食】#香乾豆腐炒豌豆苗  #香乾豆腐 #豆苗,https://www.youtube.com/watch?v=FYExYi4zJGk,2022-09-26T03:59:20Z
入秋後要多吃蘿蔔，教你一個新吃法，營養美味老少皆宜，太香了【一畫美食】#蘿蔔 #蘿蔔做法 #蘿蔔吃法,https://www.youtube.com/watch?v=s3u11ymVg94,2022-09-25T01:00:15Z
把麵條放鍋里蒸一蒸，出鍋瞬間變美食，勁道彈牙，鮮香濃郁真好吃【一畫美食】#麵條 #麵條做法,https://www.youtube.com/watch?v=9mdbVFGiFmc,2022-09-23T10:00:58Z
秋天要多吃蓮藕，做一個素炒蓮藕絲，鮮嫩脆爽，香辣開胃，真下飯【一畫美食】#蓮藕 #炒蓮藕絲,https://www.youtube.com/watch?v=cYTTMbX_IKw,2022-09-22T02:00:11Z
把雞爪放鍋里蒸一蒸，出鍋就是一道好吃的美食，軟爛入味，太香了【一畫美食】#雞爪 #雞爪美食,https://www.youtube.com/watch?v=3jtd2wVgkJU,2022-09-22T01:00:12Z
土豆不要總是燉紅燒肉了，做個好吃的蒜香孜然土豆，實在太香了【一畫美食】#土豆 #蒜香孜然土豆,https://www.youtube.com/watch?v=1HYWjP1X2tQ,2022-09-20T01:00:10Z
把草魚放在滾燙的開水中，出鍋瞬間變成一道傳統美食，鮮嫩多汁【一畫美食】#草魚 #草魚做法,https://www.youtube.com/watch?v=11Vsy5CkGQU,2022-09-19T01:00:11Z
今天分享家常菜，蒜苔蘑菇炒肉，鮮嫩脆爽，口感豐富，營養又下飯【一畫美食】#家常菜 #蒜苔蘑菇炒肉 #蘑菇,https://www.youtube.com/watch?v=_PJ0vA17oKE,2022-09-18T06:42:10Z
秋天要多吃紅薯，教你一個從未吃過的做法，比包子簡單，軟糯香甜【一畫美食】#紅薯 #紅薯做法,https://www.youtube.com/watch?v=x44Gv6ph-Ac,2022-09-16T01:00:11Z
牛肉想要好吃，切法和醃制很重要，學會這招，牛肉鮮香嫩滑真解饞【一畫美食】#牛肉 #牛肉做法,https://www.youtube.com/watch?v=J6Eo1GpyD4o,2022-09-15T01:00:08Z
秋天要多吃絲瓜，教你絲瓜炒肉的家常做法，嫩滑爽口，營養又美味【一畫美食】#絲瓜做法 #絲瓜,https://www.youtube.com/watch?v=j5jiYmQmt0U,2022-09-14T05:01:53Z
苦瓜塞香蕉，苦瓜釀肉其實都不好吃，教你接地氣做法，不苦又下飯【一畫美食】#苦瓜塞香蕉 #苦瓜 #香蕉,https://www.youtube.com/watch?v=kloRFAHKGSY,2022-09-11T06:38:16Z
做2年美食卻丟掉了畫筆，今天中秋，祝大家節日快樂，鴻運當頭【一畫美食】#美食,https://www.youtube.com/watch?v=v_9OdqTlOy0,2022-09-10T05:47:58Z
中秋馬上就到了，家人團圓的時候，做一個炒粉給家人吃，太香了【一畫美食】#炒粉 #中秋,https://www.youtube.com/watch?v=noke0tIbVSY,2022-09-09T01:00:13Z
鹵肥腸最好吃的家常做法，做法簡單，軟爛鮮香無腥味，越嚼越香【一畫美食】#鹵肥腸 #鹵肥腸做法,https://www.youtube.com/watch?v=sTdvdGkJ8jc,2022-09-08T01:00:11Z
把雞蛋倒入滾燙的油鍋中，出鍋後實在太香了，頭一次見這種做法【一畫美食】#雞蛋 #雞蛋做法,https://www.youtube.com/watch?v=1Bgt6vnCR2Y,2022-09-07T01:00:11Z
豆腐不要總是紅燒或者煮湯了，教你不一樣的新吃法，比麻婆豆腐香【一畫美食】#豆腐 #豆腐吃法 #麻婆豆腐,https://www.youtube.com/watch?v=LNiRP1GXQuk,2022-09-06T01:00:12Z
紫菜蛋花汤，很多人做错了，教你一招，紫菜汤又鲜又香，真好喝【一画美食】#紫菜蛋花汤 #紫菜 #蛋花汤,https://www.youtube.com/watch?v=n_WkzO7_2MQ,2022-09-05T01:00:12Z
蓮藕肉丸子，最忌直接加澱粉，掌握這些技巧，丸子外酥里嫩太香了【一畫美食】#蓮藕肉丸子 #蓮藕 #蓮藕做法,https://www.youtube.com/watch?v=chkq3Xkdr7k,2022-09-03T01:00:13Z
涼拌黃瓜吃膩了，教你一個黃瓜新做法，吃一次就忘不了，太香了【一畫美食】#涼拌黃瓜 #黃瓜,https://www.youtube.com/watch?v=TfJEkClLVsU,2022-09-02T01:00:10Z
花生不要總是炒著吃了，煮一鍋五香花生，就像燒開水一樣簡單【一畫美食】#花生 #五香花生,https://www.youtube.com/watch?v=w41zqos9sF8,2022-09-01T01:00:22Z
爆炒肥腸的家常做法，用料簡單，香脆爽口，下酒又下飯，太香了【一畫美食】#爆炒肥腸 #肥腸,https://www.youtube.com/watch?v=TZ9m8VXDhi0,2022-08-31T01:00:10Z
青椒炒蛋，很多人第一步就錯了，教你正確做法，鮮香滑嫩真下飯【一畫美食】#青椒炒蛋 #青椒 #蛋,https://www.youtube.com/watch?v=d9GNFCKZ0Ns,2022-08-30T07:07:33Z
廣東人愛吃的蒜蓉蒸排骨，做法超簡單，鮮嫩入味，蒜香濃郁真解饞【一畫美食】#蒜蓉蒸排骨 #蒜蓉 #蒸排骨,https://www.youtube.com/watch?v=ErOkA3jTDCA,2022-08-29T01:00:09Z
把小米倒入絞肉機，就服這種做法，挑食的孩子都愛吃，軟糯又解饞【一畫美食】#小米 #絞肉機 #小米做法,https://www.youtube.com/watch?v=s1EiIjSbLsE,2022-08-28T01:00:14Z
秋天要多吃綠豆，教你不一樣的做法，軟糯香甜，奶香濃郁，真好吃【一畫美食】#綠豆 #綠豆做法,https://www.youtube.com/watch?v=EQ3IAFOfDUY,2022-08-27T01:11:06Z
山藥和葫蘿蔔切碎放一起，88歲老中醫的養生美食，順滑爽口又美味【一畫美食】# 山藥 #葫蘿蔔 #養生美食,https://www.youtube.com/watch?v=bBzg_BBa120,2022-08-26T01:00:11Z
牛肉不要總是涼拌著吃了，教你廣東人喜歡的滑蛋牛肉，嫩滑鮮香【一畫美食】#牛肉 #滑蛋牛肉 #牛肉料理,https://www.youtube.com/watch?v=73nX0lpwips,2022-08-25T01:00:11Z
小魚乾實用又簡單的做法，香辣開胃比大魚還好吃，一上桌都搶著吃【一畫美食】#小魚乾 #小魚乾做法 #魚,https://www.youtube.com/watch?v=ufZP5fRLdfo,2022-08-24T01:00:13Z
土豆不要總是炒土豆絲或炸薯條了，下次試試這個土豆片，好吃下飯【一畫美食】#土豆 #土豆做法 #土豆食譜,https://www.youtube.com/watch?v=a2DIUhSbG74,2022-08-23T02:00:13Z
西蘭花不要總是炒著吃了，打入3個雞蛋，少油少調料，營養又美味【一畫美食】#西蘭花 #西蘭花做法 #雞蛋 #雞蛋料理,https://www.youtube.com/watch?v=3-ktBUKup6Y,2022-08-21T01:00:13Z
花甲想要好吃，切記焯水或直接下鍋炒，教你老漁民的做法，真鮮美【一畫美食】#花甲 #花甲料理 #花甲做法,https://www.youtube.com/watch?v=1aB7U1erh7Q,2022-08-20T01:00:13Z
酸辣雞胗很過癮的吃法，酸辣脆爽無腥味，比雞肉還好吃，開胃下飯【一畫美食】# 酸辣雞胗 #雞胗 #雞胗吃法,https://www.youtube.com/watch?v=gMaoKaE85rQ,2022-08-18T01:00:13Z
麵條配包菜沒想到這麼好吃，我家一周吃7次，做法簡單，營養美味【一畫美食】#麵條 #包菜 #包菜做法,https://www.youtube.com/watch?v=NT3OurIFe3k,2022-08-16T01:00:11Z
南瓜不要直接吃了，教你一個新做法，蓬松暄軟，簡單營養又美味【一畫美食】#南瓜 #南瓜做法  #南瓜食譜,https://www.youtube.com/watch?v=7mVu71B-VWs,2022-08-15T01:00:11Z
豆腐中打入3個雞蛋，做一道肉末雞蛋豆腐，嫩滑爽口，營養又美味【一畫美食】#豆腐 #雞蛋 #豆腐雞蛋,https://www.youtube.com/watch?v=fVVqwwLBz6Q,2022-08-13T02:00:09Z
腐竹想要好吃，其實也有小技巧，教你一招，腐竹鮮香入味真解饞。【一畫美食】 # 腐竹 # 腐竹做法,https://www.youtube.com/watch?v=VkAv9W5bJGk,2022-08-13T01:00:11Z
清蒸石斑魚，牢記「2不放，加3樣」的訣竅，魚肉鮮嫩清甜無腥味【一畫美食】#石斑魚 #清蒸石斑魚 #魚料理,https://www.youtube.com/watch?v=iTTFBVWWR0Y,2022-08-12T01:00:12Z
豆芽怎麼炒才爽口入味不出湯呢？原來方法這麼簡單，幾分鐘就搞定【一畫美食】#豆芽 #豆芽做法 #豆芽食譜,https://www.youtube.com/watch?v=nRb5V_v8GjE,2022-08-11T01:00:11Z
四季豆有人焯水也有人直接下鍋炒，難怪不好吃，以後你就這樣試試【一畫美食】#四季豆 #四季豆做法 #四季豆食譜,https://www.youtube.com/watch?v=M95G0PXusPo,2022-08-10T03:53:51Z
把雞蛋倒入大米裡面，30年老保姆的拿手絕活，一周吃幾次都不膩【一畫美食】#雞蛋 #雞蛋做法,https://www.youtube.com/watch?v=mPecBWW5OLA,2022-08-09T01:00:13Z
土豆這樣做實在太好吃了，招待客人做一盤，拿大魚大肉來都不換【一畫美食】#土豆 #土豆做法,https://www.youtube.com/watch?v=MR1kie2m0w8,2022-08-08T05:50:30Z
吃了30多年的茄子，只服這種農家做法，不水煮不油炸，出鍋特別香【一畫美食】#茄子 #茄子做法 #茄子食譜,https://www.youtube.com/watch?v=PV3xw0Sre2Q,2022-08-04T00:30:14Z
洋蔥別總炒著吃了，淋入3個雞蛋，沒想到這麼好吃，天天吃都不膩【一畫美食】#洋蔥 #洋蔥雞蛋,https://www.youtube.com/watch?v=XHaXrRqC_Xo,2022-08-03T01:00:11Z
夏天要多吃魚，教你懶人做法，用料簡單味道足，出鍋連汁都不剩【一畫美食】#魚做法 #魚料理 #魚,https://www.youtube.com/watch?v=Aj6-DqUXetE,2022-08-02T01:00:13Z
炒花菜有人焯水，有人直接下鍋炒，難怪不好吃，看大廚教你如何做 【一畫美食】#炒花菜 #炒花菜做法 #花菜,https://www.youtube.com/watch?v=ZwXa6txOPks,2022-08-01T01:00:12Z
香菜豆腐很好吃的做法，比麻婆豆腐還香，簡單易做，家裡人都愛吃 【一畫美食】#豆腐 #香菜豆腐 #豆腐料理,https://www.youtube.com/watch?v=iuvc9YhAtSA,2022-07-29T04:42:02Z
野菜馬齒莧很簡單的做法，飯店一盤38，在家做不超過10元，真好吃 【一畫美食】#野菜馬齒莧 #馬齒莧 #馬齒莧做法,https://www.youtube.com/watch?v=mQ1lSd7VH9Y,2022-07-27T02:00:13Z
清炒冬瓜很多人做錯了，教你一招，冬瓜清淡美味，嫩滑爽口真好吃 【一畫美食】#清炒冬瓜 #冬瓜 #冬瓜食譜,https://www.youtube.com/watch?v=j1N3hJYMcjc,2022-07-25T01:00:10Z
把雞蛋淋入秋葵裡面，沒想到這麼好吃，做法簡單，鮮香滑嫩真下飯【一畫美食】#雞蛋的做法 #秋葵 #秋葵做法,https://www.youtube.com/watch?v=Gu9VTqci1mk,2022-07-22T08:54:14Z
黃辣丁學會這樣做，湯色奶白又鮮美，肉質細嫩，營養美味太香了【一畫美食】#黃辣丁 #湯色奶白,https://www.youtube.com/watch?v=R3NthryDRwU,2022-07-22T01:00:11Z
四季豆有人過油，有人直接炒，難怪不好吃，教你好吃的肉末四季豆【一畫美食】#四季豆 #四季豆做法 #四季豆食譜,https://www.youtube.com/watch?v=qYq0PnijTLA,2022-07-21T01:00:13Z
大廚教你一道簡單又快速的雞蛋包菜早餐餅，低卡又美味，值得一試【一畫美食】#雞蛋包菜 #雞蛋料理 #包菜,https://www.youtube.com/watch?v=nFH0LQmKrPo,2022-07-20T04:53:22Z
蛋炒飯怎麼做都喜歡吃，今天教你一道可樂炒飯，吃過之後歡樂加倍 【一畫美食】#蛋炒飯 #蛋料理 #炒飯,https://www.youtube.com/watch?v=kFpCsUZdZb4,2022-07-19T01:00:12Z
夏天不好吃什麼，那就來一碗西紅柿雞蛋面，湯酸味濃，營養又美味 【一畫美食】#西紅柿雞蛋面 #西紅柿 #雞蛋,https://www.youtube.com/watch?v=PEiTFEuZwCc,2022-07-18T01:00:11Z
為什麼你炒的空心菜發黃又發黑？教你一招，脆嫩爽口，營養又美味【一畫美食】#空心菜 #炒空心菜,https://www.youtube.com/watch?v=ortZN6bmtvU,2022-07-17T01:00:11Z
冬瓜不要總是燉湯和紅燒了，放鍋里蒸一蒸，出鍋實在太香了，好吃 【一畫美食】#冬瓜 #冬瓜做法  #冬瓜料理,https://www.youtube.com/watch?v=0sUwF9vvSHY,2022-07-16T01:37:12Z
排骨買回來不要總燉湯了，做個經典的紅燒排骨，家裡孩子可高興了 【一畫美食】#排骨 #紅燒排骨 #排骨做法,https://www.youtube.com/watch?v=G7a1F_FnZqQ,2022-07-15T01:00:14Z
蛋炒飯我只服這個做法，有小時候的味道，香味十足粒粒分明，好吃 【一畫美食】#蛋炒飯 #炒飯 #炒飯做法 #中國菜,https://www.youtube.com/watch?v=SyrMEqRk4l0,2022-07-14T01:00:14Z
為什麼飯店裡的酸辣土豆絲那麼好吃，今天教你在家做，脆爽又開胃 【一畫美食】#酸辣土豆絲 #土豆絲 #土豆,https://www.youtube.com/watch?v=mgNbQTo-aao,2022-07-13T01:00:12Z
以後豬肝買回家，你就像我這樣做，嫩滑爽口，鮮香濃郁無腥味。 【一畫美食】#豬肝 #豬肝食譜,https://www.youtube.com/watch?v=UGrIVwKPQAM,2022-07-12T01:00:11Z
夏天沒胃口，可以多吃一點涼拌蔬菜，鮮嫩脆爽，開胃下飯真好吃 【一畫美食】#涼拌蔬菜 #涼拌蔬菜 #蔬菜,https://www.youtube.com/watch?v=bvX-jJkyEVE,2022-07-11T04:36:49Z
青椒炒雞蛋很多人都做錯了，難怪不好吃，教你一招，鮮香滑嫩下飯 【一畫美食】#青椒炒雞蛋 #青椒 #雞蛋,https://www.youtube.com/watch?v=XDeCMbN5RkA,2022-07-10T04:24:47Z
夏天要多吃苦瓜，教你不一樣的新做法，苦瓜鮮嫩脆爽，好吃又下飯 【一畫美食】#苦瓜 #苦瓜做法,https://www.youtube.com/watch?v=uOiqeAtxD0s,2022-07-08T06:40:57Z
飯店88一份的泡椒牛蛙，在家做成本不到30元，鮮嫩入味，香辣過癮！【一畫美食】#泡椒牛蛙,https://www.youtube.com/watch?v=B1tA23EbLXE,2022-07-07T01:00:14Z
七里香餛飩秘制配方來了，偷偷告訴你，肉嫩湯鮮，實在太好吃了！【一畫美食】#餛飩,https://www.youtube.com/watch?v=qrwrO_712bM,2022-07-05T01:00:12Z
夏天要多吃冬瓜，大廚教你新吃法，不炒也不燉，上桌全家都喜歡吃！【一畫美食】#雞蛋冬瓜餅,https://www.youtube.com/watch?v=ArxgUVqv-Ro,2022-07-04T01:00:10Z
這才是油燜大蝦好吃的做法，步驟詳細，外酥里嫩又入味，真解饞！【一畫美食】#油燜大蝦,https://www.youtube.com/watch?v=VlkEjHaoWMM,2022-07-03T01:00:13Z
吃了半輩子的秋葵，還是這種做法最實在，口感鮮嫩爽滑，營養美味！【一畫美食】#秋葵,https://www.youtube.com/watch?v=httDYsrOL3M,2022-07-01T01:00:10Z
懶人早餐這樣做，10分鐘就出鍋，營養豐富又美味，大人小孩都愛吃！【一畫美食】#懶人早餐餅,https://www.youtube.com/watch?v=wy0Wp2bi2oo,2022-06-29T01:00:12Z
麵條這樣做太香了，一周吃7次都不膩，每次做一大盤都不夠吃！【一畫美食】#拌面,https://www.youtube.com/watch?v=i8Axxe2pNqw,2022-06-28T01:00:11Z
馬上孩子們放假了，教你做個檸檬手撕雞，酸辣開胃又解膩，真解饞！【一畫美食】#手撕雞做法 #手撕雞 #檸檬手撕雞,https://www.youtube.com/watch?v=q99w8WMZcwA,2022-06-27T01:00:11Z
10塊錢的成本，大廚教你做農家小炒，當早餐做宵夜都不錯，太香了【一畫美食】#農家小炒 #小炒 #下飯菜,https://www.youtube.com/watch?v=79sh0_24fzk,2022-06-26T01:00:11Z
炒豆角時，最好不要焯水和過油，教你一招，鮮嫩脆爽，真的好下飯！【一畫美食】#炒豆角,https://www.youtube.com/watch?v=VPVJgt1uhFU,2022-06-24T03:28:45Z
全國炒雞看山東，山東炒雞看臨沂，教你在家做正宗的臨沂炒雞！【一畫美食】#炒雞做法,https://www.youtube.com/watch?v=C19cRD_j7Nc,2022-06-23T01:09:17Z
萬萬沒想到，雞蛋和蘑菇一起炒這麼好吃，嫩滑爽口，全家人都喜歡！【一畫美食】#炒蘑菇,https://www.youtube.com/watch?v=SdFiIxezHPo,2022-06-22T02:54:15Z
家常豆腐為什麼你做的不入味？今天教你正確做法，鮮香嫩滑真下飯！【一畫美食】#豆腐做法,https://www.youtube.com/watch?v=jJkkoyN_SG4,2022-06-21T01:56:02Z
自從知道蘑菇和白菜可以這樣吃，我家一周吃3次，每次湯汁都不剩！【一畫美食】#蘑菇做法,https://www.youtube.com/watch?v=yOUlGUEuuLk,2022-06-16T02:32:50Z
做子姜鴨，不焯水不醃制，出鍋鮮香脆辣無腥味，上桌一盤不夠吃！【一畫美食】#鴨做法,https://www.youtube.com/watch?v=rILoMKLtMUo,2022-06-15T02:38:02Z
夏天天氣炎熱，很多人心煩失眠多夢，可以試試這個豬心蘑菇湯！【一畫美食】#豬心做法 #豬心湯做法,https://www.youtube.com/watch?v=5qllIssju6M,2022-06-14T03:09:19Z
把雞蛋倒入韭黃里，出鍋就是一道名菜，韭黃滑蛋，鮮嫩爽滑真好吃！【一畫美食】#韭黃做法,https://www.youtube.com/watch?v=nlk4wcoUZ4g,2022-06-13T02:58:18Z
絲瓜不要做湯了，教你一道絲瓜炒雞蛋，顏色漂亮不發黑，鮮嫩爽滑！【一畫美食】#絲瓜做法,https://www.youtube.com/watch?v=rOAiz6jrtg8,2022-06-12T04:17:08Z
夏天要多喝絲瓜三鮮湯，教你這樣搭配食材，清淡營養，鮮香不油膩！【一畫美食】#絲瓜三鮮湯做法,https://www.youtube.com/watch?v=AZe4Ex3_AVg,2022-06-10T03:47:54Z
做小龍蝦，切記不要剪頭和抽蝦線，教你一招，麻辣鮮香，肉質Q彈 【一畫美食】#小龍蝦 #小龍蝦做法 #小龍蝦食譜,https://www.youtube.com/watch?v=JD3yhT27P2s,2022-06-07T01:00:16Z
毛豆不要總是涼拌著吃了，教你好吃的青椒毛豆，鮮甜脆爽真下飯。 【一畫美食】#毛豆 #青椒毛豆 #青椒,https://www.youtube.com/watch?v=NucOAH2ofTQ,2022-06-06T01:00:10Z
茭白這樣做真的太好吃了，不焯水不過油，簡單好吃又營養，真下飯 【一畫美食】#茭白 #茭白做法 #茭白食譜,https://www.youtube.com/watch?v=RlOw23z8Fcc,2022-06-04T05:08:40Z
以後雞肉你就這樣做，不炒不燉不油炸，每次上桌都光盤，真解饞。 【一畫美食】#雞肉 #雞肉料理,https://www.youtube.com/watch?v=dYTvEBHvbPs,2022-06-03T05:27:38Z
為什麼你炒的空心菜不是出水就是發黑呢？教你小技巧，翠綠不發黑 【一畫美食】#空心菜 #空心菜做法 #空心菜食譜,https://www.youtube.com/watch?v=Irt7oz5MijA,2022-06-02T05:28:10Z
大蝦別白灼了，教你特色做法，鮮香濃郁，滿滿一大鍋不夠吃，解饞 【一畫美食】#大蝦 #大蝦做法 #大蝦料理,https://www.youtube.com/watch?v=6-DNzETqFWc,2022-05-31T03:57:35Z
熬豬油是用水熬還是用油熬，大廚教你正確做法，又香又白無異味【一畫美食】#熬豬油 #熬豬油做法 #熬豬油食譜,https://www.youtube.com/watch?v=-EZoe1Rx204,2022-05-27T01:00:11Z
肉末茄子怎麼做才不變色不發黑呢？今天教你小技巧，好看又好吃 【一畫美食】#肉末茄子 #肉末 #茄子,https://www.youtube.com/watch?v=bZ4kdk51v5w,2022-05-26T01:11:38Z
真的萬萬沒想到，吃了30多年的豆腐，終於找到好吃的做法，真下飯 【一畫美食】#豆腐 #豆腐做法 #下飯菜,https://www.youtube.com/watch?v=tGmTpNFxTI4,2022-05-25T01:00:12Z
四季豆不要總是炒著吃了，教你鮮嫩爽口的涼拌四季豆，一盤不夠吃【一畫美食】#四季豆 #涼拌四季豆 #四季豆做法,https://www.youtube.com/watch?v=MY-E7UKR_Xg,2022-05-23T04:13:16Z
外面賣10元一個的炸雞腿，教你在家做，外酥里嫩，又香又麻真解饞 【一畫美食】#炸雞腿 #雞腿料理  #雞腿食譜,https://www.youtube.com/watch?v=xwI8JrI5wnc,2022-05-22T01:00:11Z
夏天沒胃口，做一道這樣的脆炒萵筍絲，鮮嫩爽口，入味好吃真下飯【一畫美食】#脆炒萵筍絲 #萵筍絲 #萵筍做法,https://www.youtube.com/watch?v=jp3yn8F3XtQ,2022-05-21T01:00:14Z
槐花炒雞蛋，到底先炒槐花還是雞蛋？很多人搞不懂，今天我來教你【一畫美食】#槐花炒雞蛋 #槐花 #雞蛋料理,https://www.youtube.com/watch?v=nTUxbFiF0ME,2022-05-19T05:47:40Z
黃瓜這樣做實在太好吃了，比涼拌的簡單，比油炸的健康，真解饞【一畫美食】#黃瓜 #黃瓜料理 #青瓜,https://www.youtube.com/watch?v=68_fKFXmOE4,2022-05-18T03:14:07Z
#芹菜炒豆腐 這樣的下飯菜實在太香了，嫩滑爽口，香辣開胃，接連吃了3碗米飯【一畫美食】#下飯菜 #嫩滑爽口 #香辣開胃,https://www.youtube.com/watch?v=f8ofH4xQDtg,2022-05-17T01:00:13Z
女朋友教我泡面新吃法，一次2包不夠吃，營養又解饞，太香了。【一畫美食】#泡面新吃法 #泡面 #炒麵,https://www.youtube.com/watch?v=EH_bqsGxKIU,2022-05-14T01:00:13Z
辣椒炒肉很多人第一步就錯了，難怪不好吃，今天教你正確做法。【一畫美食】#辣椒炒肉 #辣椒 #豬肉,https://www.youtube.com/watch?v=SnBKW8fCS7s,2022-05-10T05:02:22Z
青椒用擀麵杖壓一壓，太厲害了，沒想到這麼好吃，實在太下飯了【一畫美食】#青椒 #青椒食譜 #青椒做法,https://www.youtube.com/watch?v=Q1JFkx1Zh6g,2022-05-09T06:47:20Z
教你椒鹽泥鰍怎麼做才好吃，香辣入味，酥香美味，比酒店的還好吃 【一畫美食】#椒鹽泥鰍 #泥鰍  #泥鰍做法,https://www.youtube.com/watch?v=_T2aMJfxYCw,2022-05-08T03:47:50Z
蒜苔怎麼做才好吃，30年保姆醃蒜苔的秘制方法，酸辣脆爽又不易壞 【一畫美食】#蒜苔 #蒜苔做法 #醃蒜苔,https://www.youtube.com/watch?v=zwgxTaorKbw,2022-05-07T05:11:36Z
牛肉搭配馬鈴薯和油豆腐，做個簡單的「牛肉鍋仔」，實在太香了。【一畫美食】#牛肉 #馬鈴薯 #油豆腐,https://www.youtube.com/watch?v=2R7R7dCdDI0,2022-05-06T01:00:12Z
做花椒油，切記不要直接下鍋炸，多加2步，又香又麻，拌啥都好吃【一畫美食】#做花椒油 #花椒油 #花椒,https://www.youtube.com/watch?v=oX_GwTNfcXA,2022-05-04T04:18:06Z
想吃鹵蛋不要出去買，教你在家做，用料簡單，比買的還好吃，真香 【一畫美食】 #鹵蛋 #鹵蛋做法 #鹵蛋食譜,https://www.youtube.com/watch?v=UXDSRS-QpjU,2022-05-03T01:00:15Z
麵粉倒進西紅柿里，真是太厲害了，好多人沒見過，營養又好吃【一畫美食】#西紅柿 #西紅柿料理 #蕃茄,https://www.youtube.com/watch?v=m5vfuKNhdaQ,2022-05-01T01:00:13Z
涼拌黃瓜時，很多人第一步就錯了，難怪不好吃，今天教你正確做法【一畫美食】#黃瓜料理 #黃瓜食譜 #涼拌黃瓜,https://www.youtube.com/watch?v=VSvvDbnD9i8,2022-04-30T01:00:11Z
蘆筍到底怎麼做好吃？教你正確做法，蘆筍鮮嫩脆爽，營養不流失【一畫美食】#蘆筍 #蘆筍正確做法 #蘆筍食譜,https://www.youtube.com/watch?v=4wKydkc9os4,2022-04-28T04:31:40Z
洋蔥不要炒著吃了，淋入3個雞蛋，我家一周吃6次，實在太香了 【一畫美食】#洋蔥 #洋蔥雞蛋 #雞蛋,https://www.youtube.com/watch?v=73JDs8oKWgk,2022-04-25T03:52:06Z
手撕雞腿的家常做法，鮮香滑嫩又入味，做法簡單，比酒店的還好吃 【一畫美食】#手撕雞腿 #手撕雞腿做法 #手撕雞,https://www.youtube.com/watch?v=Il4Nifvtmwk,2022-04-24T04:37:01Z
最近很火的麻辣鹵羊頭，沒想到這麼簡單，軟爛入味，真的很過癮。【一畫美食】#麻辣鹵羊頭 #鹵羊頭 #羊,https://www.youtube.com/watch?v=xgOClMdGOXE,2022-04-23T04:16:04Z
飯店大廚教你炒麵正確做法，不粘鍋，不成坨，看著流口水，太香了【一畫美食】#炒麵正確做法 #炒麵 #中華料理,https://www.youtube.com/watch?v=39-NRhJcNVU,2022-04-21T02:25:34Z
排骨無論怎麼做，切記不要直接焯水，多加1步，鮮嫩多汁不腥不柴【一畫美食】#排骨 #排骨湯 #湯,https://www.youtube.com/watch?v=P9JJKYvzSIo,2022-04-18T04:13:48Z
夏天來了又到了吃田螺的季節，教你在家做好吃的麻辣田螺，真過癮【一畫美食】#田螺 #麻辣田螺 #田螺做法,https://www.youtube.com/watch?v=sPLDefWjDaw,2022-04-14T03:50:43Z
把白酒倒進鴨蛋里，厲害了，奶奶用了幾十年的方法，個個流油噴香【一畫美食】#白酒 #鴨蛋 #鴨蛋做法 How To Make Salted Duck Eggs,https://www.youtube.com/watch?v=GmzswYq1uHw,2022-04-13T04:31:19Z
黃瓜和它一起炒簡直是絕配，做法簡單易學，清脆爽口，營養美味 【一畫美食】#黃瓜 #黃瓜料理 #黃瓜做法,https://www.youtube.com/watch?v=EA2Ru16vC3U,2022-04-10T03:32:23Z
五花肉別紅燒了，淋2個雞蛋，沒想到這麼香，每次上桌都不夠吃【一畫美食】#五花肉 #五花肉雞蛋 #雞蛋,https://www.youtube.com/watch?v=JKHjcWosOPA,2022-04-08T02:45:50Z
好吃不上火的廣式清蒸排骨，原汁原味，鮮香滑嫩，大人小孩都愛吃 【一畫美食】#廣式清蒸排骨 #清蒸排骨 #排骨,https://www.youtube.com/watch?v=xKi1YUDj610,2022-04-06T01:00:12Z
炒包菜，萬萬不要直接下鍋炒，很多人一直炒錯了，難怪出鍋不好吃【一畫美食】#炒包菜 #包菜 #包菜做法,https://www.youtube.com/watch?v=WEVuMnrtFIk,2022-04-05T05:01:49Z
韭菜炒雞蛋，很多人第一步就錯了，教你一招，清翠不出水，不油膩【一畫美食】#韭菜炒雞蛋 #韭菜 #雞蛋,https://www.youtube.com/watch?v=ZVuU_s-3tTI,2022-04-04T01:00:11Z
魷魚炒著炒著就老了，很多朋友做錯了，今天大廚分享詳細做法。【一畫美食】#魷魚 #魷魚詳細做法 #魷魚做法,https://www.youtube.com/watch?v=K8ra59onr24,2022-03-31T05:50:22Z
牛肉怎麼醃制和豆腐一樣嫩？十年經驗分享，牛肉鮮嫩順滑入口即化【一畫美食】#牛肉 #牛肉豆腐 #豆腐,https://www.youtube.com/watch?v=8kQ64js7usE,2022-03-30T06:03:01Z
電飯煲燜飯懶人料理，按照這個方法燜一鍋，營養美味，比炒飯還香【一畫美食】#煮米飯 #炒飯 #電飯煲燜飯,https://www.youtube.com/watch?v=htH7vgh4SRo,2022-03-28T06:10:19Z
炒豬肝鮮嫩不老有訣竅，學會這些方法，豬肝爽滑無腥味，真好吃。 【一畫美食】#炒豬肝 #豬肝 #豬肝食譜,https://www.youtube.com/watch?v=_7WPuYiSqHY,2022-03-27T05:55:32Z
減肥不用挨餓！#雞腿肉西蘭花 雞腿這樣做實在太香了，鮮嫩多汁【一畫美食】#雞腿 #雞腿做法 #減脂餐,https://www.youtube.com/watch?v=SebQ8mg4gr8,2022-03-24T05:40:52Z
只有春天才能吃到的新鮮蕨菜，做法簡單，出鍋鮮嫩脆爽，好吃下飯【一畫美食】#新鮮蕨菜 #蕨菜做法,https://www.youtube.com/watch?v=dUCnnentX9Q,2022-03-21T05:10:37Z
新鮮的小河蝦，撈起來洗淨後爆炒，配料簡單，出鍋後太鮮了，好吃 【一畫美食】#小河蝦 #河蝦 #蝦料理,https://www.youtube.com/watch?v=anSu6APvFMY,2022-03-14T04:15:51Z
炒花菜有人焯水，有人下鍋直接炒，難怪不好吃，今天教你詳細做法【一畫美食】#炒花菜 #炒花菜料理 #花菜,https://www.youtube.com/watch?v=z_4cK1CD7Z0,2022-03-13T04:02:48Z
茄子在家這樣做實在太香了，好吃不油膩，鮮香嫩滑3碗米飯是標配【一畫美食】#茄子 #茄子料理 #茄子做法,https://www.youtube.com/watch?v=1WJD2NLa0SU,2022-03-12T05:13:27Z
豆芽別總是炒著吃了，做個熗拌豆芽，清脆爽口，酸辣開胃又下飯【一畫美食】#豆芽 #熗拌豆芽 #酸辣開胃,https://www.youtube.com/watch?v=97Dc_x9eEWk,2022-03-11T05:59:14Z
麵條不要水煮，換種新做法，比水煮好吃比炒簡單，我家一周吃7次【一畫美食】#麵條 #麵條做法 #雞蛋麵,https://www.youtube.com/watch?v=TugoN6SCZ0g,2022-03-09T03:59:46Z
花生米加一把大蒜，比水煮簡單比油炸還香，出鍋太香了，嘎嘣脆【一畫美食】#花生米 #大蒜 #大蒜花生米,https://www.youtube.com/watch?v=gqUs4ZYm-og,2022-03-07T01:30:11Z
蛋炒飯是先炒蛋還是先炒飯，很多人都搞不清楚，今天教你正確做法【一畫美食】#蛋炒飯 #蛋 #炒飯,https://www.youtube.com/watch?v=tHmYzcNCxs4,2022-03-06T01:30:11Z
茄子切成丁淋上雞蛋，實在太好吃了，我家一周吃5次，營養又下飯 【一畫美食】#茄子 #茄子雞蛋 #雞蛋,https://www.youtube.com/watch?v=Iz7nncQ1Vr0,2022-03-05T04:52:11Z
胡蘿蔔炒雞蛋，先炒胡蘿蔔還是先炒雞蛋，教你正確做法，鮮香入味【一畫美食】#胡蘿蔔炒雞蛋 #胡蘿蔔 #雞蛋,https://www.youtube.com/watch?v=FEtdkXg-vJk,2022-03-04T04:05:59Z
年薪30萬大廚，把雞蛋倒入滾燙的油鍋，出鍋就成一道招牌菜，真香 【一畫美食】#雞蛋 #雞蛋料理  #雞蛋食譜,https://www.youtube.com/watch?v=dW94IUggdC8,2022-03-03T01:30:16Z
這才是爆炒肥腸的正確做法，嫩滑脆爽不腥不臭，鮮香入味一點不老 【一畫美食】#爆炒肥腸 #肥腸 #肥腸料理,https://www.youtube.com/watch?v=luXFej8achE,2022-03-01T06:14:09Z
原來水煮荷包蛋這麼簡單，圓潤嫩滑零失敗，方法供大家參考【一畫美食】#水煮荷包蛋 #荷包蛋,https://www.youtube.com/watch?v=4k6kbqvI8hs,2022-02-27T01:30:14Z
早餐就愛這碗懶人面，有菜有面有雞蛋，10分鐘上桌，吃完渾身舒坦 【一畫美食】#早餐 #懶人面 #雞蛋面,https://www.youtube.com/watch?v=uOf_dhWF8DE,2022-02-26T05:24:20Z
天氣冷，全家人最饞這道酸辣湯，做法簡單，酸辣鮮香，暖身又暖胃【一畫美食】#酸辣湯 #酸辣鮮香 #暖胃湯,https://www.youtube.com/watch?v=S7rvOcnah_k,2022-02-25T04:29:40Z
這才是紫菜蛋花湯的正確做法，湯鮮味美好喝有技巧，幾分鐘就學會 【一畫美食】#紫菜蛋花湯 #紫菜 #蛋花湯,https://www.youtube.com/watch?v=wD97hOv3Sz8,2022-02-24T04:11:47Z
土豆絲和雞蛋沒想到這麼好吃，孩子三天兩頭點名要吃，美味又營養【一畫美食】#土豆絲 #雞蛋 #土豆雞蛋 #薯仔雞蛋,https://www.youtube.com/watch?v=j0VBBvgr4oI,2022-02-23T05:36:06Z
肉末茄子簡單又好吃的家常做法，鮮香滑嫩，開胃下飯，一盤不夠吃【一畫美食】#肉末茄子 #肉末 #茄子,https://www.youtube.com/watch?v=6nnEZX6uykc,2022-02-22T02:15:25Z
做糖醋魚時，要不要加糖和醋，很多人都做錯了，今天教你正確做法【一畫美食】#糖醋魚 #糖醋魚正確做法 #糖醋魚做法,https://www.youtube.com/watch?v=j8jPFtz9XGA,2022-02-21T02:29:03Z
炒芹菜時，切記不要直接下鍋炒，多做2步，脆爽可口，營養又下飯【一畫美食】#炒芹菜 #芹菜,https://www.youtube.com/watch?v=GprZUBwz8tQ,2022-02-20T03:43:44Z
花生米不要炒著吃了，教你一種新做法，吃一次就忘不了，太香了。 【一畫美食】#花生米 #花生米新做法 #花生養生,https://www.youtube.com/watch?v=b6LgnCmvjdI,2022-02-19T04:43:45Z
牛肉直接放醬油里泡1天，味道比驢肉都香，醬香濃郁吃著太過癮了【一畫美食】#牛肉 #滷牛肉 #最簡單的滷牛腱食譜,https://www.youtube.com/watch?v=SHaaoubDnT0,2022-02-14T01:30:11Z
大廚教你（虎皮青椒）的正確做法，香辣入味，好吃不油膩，超下飯 【一畫美食】#青椒  #虎皮青椒,https://www.youtube.com/watch?v=MsMccAvHTew,2022-02-12T01:30:11Z
為什麼飯店裡的土豆絲那麼好吃，原來有技巧，看完後不服不行【一畫美食】#土豆絲 #土豆 #薯仔,https://www.youtube.com/watch?v=wHBt12vwGDA,2022-02-10T11:00:14Z
以後菠菜買回家，你就像我這樣做，加入雞蛋一起蒸，好看又好吃【一畫美食】#菠菜 #菠菜料理,https://www.youtube.com/watch?v=ZXdZu733qmA,2022-02-09T01:00:13Z
這才是糖醋排骨簡單又好吃的做法，教你糖醋的正確比例，太香了【一畫美食】#糖醋排骨 #糖醋 #排骨,https://www.youtube.com/watch?v=zqD6vMyaFd4,2022-02-07T01:00:11Z
杏鮑菇超好吃的做法，鮮香入味，脆爽又營養，過年來客很受歡迎。【一畫美食】#杏鮑菇 #杏鮑菇做法 #杏鮑菇食譜,https://www.youtube.com/watch?v=C8cB9-3RwfY,2022-02-06T01:00:11Z
豬皮不要再熬豬皮凍了，用繩子一捆，媽媽教我幾十年秘制做法，香【一畫美食】#豬皮 #熬豬皮凍 #豬皮做法,https://www.youtube.com/watch?v=RMKzAzSwMK8,2022-02-05T02:07:38Z
喜歡吃腐竹的要收藏，這個做法簡單快速又好吃，即好下酒又好下飯【一畫美食】#腐竹 #腐竹做法 #腐竹食譜,https://www.youtube.com/watch?v=IwS96BQ0s9s,2022-02-04T02:01:51Z
餃子餡好吃有訣竅，教你祖傳下來的方法，餃子鮮嫩多汁，不腥不柴【一畫美食】#餃子餡 #餃子 #祖傳秘笈,https://www.youtube.com/watch?v=8jheYjeyoM0,2022-02-02T10:06:59Z
簡單又好吃的蝦仁滑蛋做法，口感鮮嫩爽滑，營養又美味，很鮮哦。【一畫美食】#蝦仁滑蛋 #蝦仁 #滑蛋,https://www.youtube.com/watch?v=v1ZxTSB8dBk,2022-01-29T02:00:21Z
冬天要多吃茄子，教你一个新吃法，我家一周做3次，实在太好吃了【一画美食】#茄子 #茄子食譜,https://www.youtube.com/watch?v=B44qEmrpBuA,2022-01-26T11:00:34Z
最近很火的蒜苔炒肉被我炒翻車了，要想炒成花，不能焯水和炒太久 【一畫美食】#蒜苔炒肉 #蒜苔 #豬肉,https://www.youtube.com/watch?v=-91Y8RPNas4,2022-01-25T13:41:26Z
大廚教你乾鍋豆腐家常做法，鮮香滑嫩好吃又下飯，比麻婆豆腐還香 【一畫美食】#乾鍋豆腐家常 #豆腐 #家常,https://www.youtube.com/watch?v=-hSyafyg37o,2022-01-24T01:00:13Z
鱸魚特別好吃的家常做法，用料簡單，香味十足，下酒下飯都不錯【一畫美食】#鱸魚 #鱸魚家常做法 #鱸魚料理,https://www.youtube.com/watch?v=oLzxziDISo0,2022-01-21T01:57:15Z
年夜飯必備硬菜醬肘花，軟糯Q彈，鮮香不膩，一上桌都搶著吃【一畫美食】#醬肘花 #硬菜醬肘花 #豬腿,https://www.youtube.com/watch?v=WgG8LAXxwYs,2022-01-20T05:12:13Z
教你做道成本不到10元的下飯菜，素炒蘑菇，做法簡單，營養又美味 【一畫美食】#素炒蘑菇 #下飯菜 #素菜,https://www.youtube.com/watch?v=xt2COzkzkRw,2022-01-19T06:18:15Z
Dad&#39;s ADDICTIVE Chili Oil! (辣椒油)  切記不要直接潑熱油，多做2步，又香又辣，拌什麼都香【一畫美食】#做辣椒油 #辣椒油 #辣椒,https://www.youtube.com/watch?v=5MxBmS3NgG4,2022-01-18T03:51:27Z
無論醃什麼魚，最忌放鹽和料酒醃制，今天教你訣竅，魚肉鮮嫩不腥【一畫美食】#魚 #魚料理,https://www.youtube.com/watch?v=Oyqn-_63Q-U,2022-01-16T01:30:11Z
把雞蛋淋入紫菜中，飯店一盤賣28，在家成本不到8元，鮮香下飯。【一畫美食】#雞蛋 #紫菜 #紫菜雞蛋,https://www.youtube.com/watch?v=o8CwfuaDhfM,2022-01-14T10:21:00Z
湖南下飯菜擂辣椒炒皮蛋，很多人不敢吃，江西人卻說不夠辣，得勁【一畫美食】#湖南下飯菜 #辣椒炒皮蛋 #皮蛋,https://www.youtube.com/watch?v=JIVQcxBeMzE,2022-01-13T01:30:11Z
豆腐切成小丁，放雞蛋里蒸一蒸，一周吃5次都不膩，嫩滑爽口真香【一畫美食】#豆腐 #雞蛋 #雞蛋豆腐,https://www.youtube.com/watch?v=VViF3KmqUeo,2022-01-12T02:00:14Z
愛吃麵條的一定要收藏了，教你炸醬的家常做法，拌面拌飯都超級香【一畫美食】#麵條 #炸醬麵 #炸醬拌飯,https://www.youtube.com/watch?v=1clOpSTK3ug,2022-01-09T08:39:59Z
白菜燉豆腐，先炒白菜還是先燉豆腐，教你正確做法，一鍋不夠吃。【一画美食】#白菜燉豆腐 #白菜 #豆腐,https://www.youtube.com/watch?v=89iP8DQxI9o,2022-01-08T08:56:31Z
以後蘿蔔買回家，就像我這樣做，酸爽好吃，開胃又解膩，真過癮。【一畫美食】#蘿蔔 #蘿蔔料理,https://www.youtube.com/watch?v=Uqo_z8CsdKg,2022-01-07T01:00:13Z
這樣做的清炒蓮藕絲，鮮香脆爽，做法靠譜接地氣，簡單實用味道好【一畫美食】#清炒蓮藕絲 #蓮藕絲 #蓮藕料理,https://www.youtube.com/watch?v=OAvUy862fSA,2022-01-06T04:53:35Z
蘿蔔別總是炒著吃，做個爽口醃蘿蔔絲，過年露一手，吃了都誇你【一畫美食】#蘿蔔 #爽口醃蘿蔔絲 #蘿蔔絲,https://www.youtube.com/watch?v=wf3QzqrKRnU,2022-01-03T02:00:15Z
手撕包菜有的人焯水，有的人過油，都錯了，看酒店大廚如何做的。【一畫美食】#手撕包菜 #包菜,https://www.youtube.com/watch?v=WXeIOnF9zPI,2021-12-28T07:17:35Z
蘿蔔肉丸子，最忌直接加澱粉，掌握這些訣竅，丸子鮮香軟糯又酥脆【一画美食】#蘿蔔肉丸子 #蘿蔔 #肉丸子,https://www.youtube.com/watch?v=lVpEEafvkYA,2021-12-27T05:57:34Z
白切雞簡單好吃的做法，皮脆肉嫩骨香，吃一口滿嘴留香，太解饞了【一画美食】#白切雞 #雞 #雞料理,https://www.youtube.com/watch?v=eHfxKuwLeb4,2021-12-25T07:10:39Z
菠菜中倒入2個雞蛋，第一次見這種做法，不炒不涼拌，出鍋太香了【一畫美食】#菠菜 #雞蛋 #雞蛋料理,https://www.youtube.com/watch?v=B0xkTvWQgKs,2021-12-21T01:00:13Z
蠔油豆腐的家常做法，鮮香滑嫩，好吃下飯，比吃肉還香，真解饞【一畫美食】#蠔油豆腐 #豆腐料理,https://www.youtube.com/watch?v=ldazmH5-l6g,2021-12-18T01:00:27Z
